id,firstName,lastName,email,gender,contactNo,country,dob
1,Daud,Ishak,dishak0@alexa.com,Male,970-613-2617,Ukraine,24-06-2012
2,O'Gormally,rogormallydd@google.com.br,Female,550-761-3765,Brazil,19-05-2017,
3,Wenonah,Pree,wpreede@economist.com,Female,450-532-9334,Portugal,25-05-2014
4,Grange,Gate,ggatedf@vimeo.com,Male,787-403-6496,Russia,01-09-2016
5,Pace,Ragot,pragotdg@unesco.org,Agender,737-461-2480,Canada,01-12-2017
6,Merridie,Chessell,mchesselldh@webmd.com,Female,413-792-2510,Madagascar,05-08-2014
7,Conchita,Espinho,cespinhodi@phoca.cz,Female,248-789-9370,Indonesia,10-12-2013
8,Cassaundra,Spier,cspierdj@ucsd.edu,Female,433-638-5909,China,06-05-2007
9,Dareen,Winn,dwinndk@youtu.be,Female,521-845-9630,Malaysia,02-02-1993
10,Chic,Echalie,cechaliedl@com.com,Male,464-418-8850,Luxembourg,29-05-2017
11,Pamelina,Talks,ptalksdm@google.ca,Female,742-409-3799,Indonesia,09-02-2002
12,Vladimir,Bremen,vbremendn@intel.com,Male,581-102-8326,Cyprus,17-06-2005
13,Moore,Keemer,mkeemerdo@squidoo.com,Male,684-271-1436,Colombia,21-03-2019
14,Daud,Ishak,dishak0@alexa.com,Male,970-613-2617,Ukraine,24-06-2012
15,O'Gormally,rogormallydd@google.com.br,Female,550-761-3765,Brazil,19-05-2017,
16,Wenonah,Pree,wpreede@economist.com,Female,450-532-9334,Portugal,25-05-2014
17,Grange,Gate,ggatedf@vimeo.com,Male,787-403-6496,Russia,01-09-2016
18,Pace,Ragot,pragotdg@unesco.org,Agender,737-461-2480,Canada,01-12-2017
19,Merridie,Chessell,mchesselldh@webmd.com,Female,413-792-2510,Madagascar,05-08-2014
20,Conchita,Espinho,cespinhodi@phoca.cz,Female,248-789-9370,Indonesia,10-12-2013
21,Cassaundra,Spier,cspierdj@ucsd.edu,Female,433-638-5909,China,06-05-2007
22,Dareen,Winn,dwinndk@youtu.be,Female,521-845-9630,Malaysia,02-02-1993
23,Chic,Echalie,cechaliedl@com.com,Male,464-418-8850,Luxembourg,29-05-2017
24,Pamelina,Talks,ptalksdm@google.ca,Female,742-409-3799,Indonesia,09-02-2002
25,Vladimir,Bremen,vbremendn@intel.com,Male,581-102-8326,Cyprus,17-06-2005
26,Moore,Keemer,mkeemerdo@squidoo.com,Male,684-271-1436,Colombia,21-03-2019
27,Daud,Ishak,dishak0@alexa.com,Male,970-613-2617,Ukraine,24-06-2012
28,O'Gormally,rogormallydd@google.com.br,Female,550-761-3765,Brazil,19-05-2017,
29,Wenonah,Pree,wpreede@economist.com,Female,450-532-9334,Portugal,25-05-2014
30,Grange,Gate,ggatedf@vimeo.com,Male,787-403-6496,Russia,01-09-2016
31,Pace,Ragot,pragotdg@unesco.org,Agender,737-461-2480,Canada,01-12-2017
32,Merridie,Chessell,mchesselldh@webmd.com,Female,413-792-2510,Madagascar,05-08-2014
33,Conchita,Espinho,cespinhodi@phoca.cz,Female,248-789-9370,Indonesia,10-12-2013
34,Cassaundra,Spier,cspierdj@ucsd.edu,Female,433-638-5909,China,06-05-2007
35,Dareen,Winn,dwinndk@youtu.be,Female,521-845-9630,Malaysia,02-02-1993
36,Chic,Echalie,cechaliedl@com.com,Male,464-418-8850,Luxembourg,29-05-2017
37,Pamelina,Talks,ptalksdm@google.ca,Female,742-409-3799,Indonesia,09-02-2002
38,Vladimir,Bremen,vbremendn@intel.com,Male,581-102-8326,Cyprus,17-06-2005
39,Moore,Keemer,mkeemerdo@squidoo.com,Male,684-271-1436,Colombia,21-03-2019
40,Daud,Ishak,dishak0@alexa.com,Male,970-613-2617,Ukraine,24-06-2012
41,O'Gormally,rogormallydd@google.com.br,Female,550-761-3765,Brazil,19-05-2017,
42,Wenonah,Pree,wpreede@economist.com,Female,450-532-9334,Portugal,25-05-2014
43,Grange,Gate,ggatedf@vimeo.com,Male,787-403-6496,Russia,01-09-2016
44,Pace,Ragot,pragotdg@unesco.org,Agender,737-461-2480,Canada,01-12-2017
45,Merridie,Chessell,mchesselldh@webmd.com,Female,413-792-2510,Madagascar,05-08-2014
46,Conchita,Espinho,cespinhodi@phoca.cz,Female,248-789-9370,Indonesia,10-12-2013
47,Cassaundra,Spier,cspierdj@ucsd.edu,Female,433-638-5909,China,06-05-2007
48,Dareen,Winn,dwinndk@youtu.be,Female,521-845-9630,Malaysia,02-02-1993
49,Chic,Echalie,cechaliedl@com.com,Male,464-418-8850,Luxembourg,29-05-2017
50,Pamelina,Talks,ptalksdm@google.ca,Female,742-409-3799,Indonesia,09-02-2002
51,Vladimir,Bremen,vbremendn@intel.com,Male,581-102-8326,Cyprus,17-06-2005
52,Moore,Keemer,mkeemerdo@squidoo.com,Male,684-271-1436,Colombia,21-03-2019
53,Daud,Ishak,dishak0@alexa.com,Male,970-613-2617,Ukraine,24-06-2012
54,O'Gormally,rogormallydd@google.com.br,Female,550-761-3765,Brazil,19-05-2017,
55,Wenonah,Pree,wpreede@economist.com,Female,450-532-9334,Portugal,25-05-2014
56,Grange,Gate,ggatedf@vimeo.com,Male,787-403-6496,Russia,01-09-2016
57,Pace,Ragot,pragotdg@unesco.org,Agender,737-461-2480,Canada,01-12-2017
58,Merridie,Chessell,mchesselldh@webmd.com,Female,413-792-2510,Madagascar,05-08-2014
59,Conchita,Espinho,cespinhodi@phoca.cz,Female,248-789-9370,Indonesia,10-12-2013
60,Cassaundra,Spier,cspierdj@ucsd.edu,Female,433-638-5909,China,06-05-2007
61,Dareen,Winn,dwinndk@youtu.be,Female,521-845-9630,Malaysia,02-02-1993
62,Chic,Echalie,cechaliedl@com.com,Male,464-418-8850,Luxembourg,29-05-2017
63,Pamelina,Talks,ptalksdm@google.ca,Female,742-409-3799,Indonesia,09-02-2002
64,Vladimir,Bremen,vbremendn@intel.com,Male,581-102-8326,Cyprus,17-06-2005
65,Moore,Keemer,mkeemerdo@squidoo.com,Male,684-271-1436,Colombia,21-03-2019
66,Daud,Ishak,dishak0@alexa.com,Male,970-613-2617,Ukraine,24-06-2012
67,O'Gormally,rogormallydd@google.com.br,Female,550-761-3765,Brazil,19-05-2017,
68,Wenonah,Pree,wpreede@economist.com,Female,450-532-9334,Portugal,25-05-2014
69,Grange,Gate,ggatedf@vimeo.com,Male,787-403-6496,Russia,01-09-2016
70,Pace,Ragot,pragotdg@unesco.org,Agender,737-461-2480,Canada,01-12-2017
71,Merridie,Chessell,mchesselldh@webmd.com,Female,413-792-2510,Madagascar,05-08-2014
72,Conchita,Espinho,cespinhodi@phoca.cz,Female,248-789-9370,Indonesia,10-12-2013
73,Cassaundra,Spier,cspierdj@ucsd.edu,Female,433-638-5909,China,06-05-2007
74,Dareen,Winn,dwinndk@youtu.be,Female,521-845-9630,Malaysia,02-02-1993
75,Chic,Echalie,cechaliedl@com.com,Male,464-418-8850,Luxembourg,29-05-2017
76,Pamelina,Talks,ptalksdm@google.ca,Female,742-409-3799,Indonesia,09-02-2002
77,Vladimir,Bremen,vbremendn@intel.com,Male,581-102-8326,Cyprus,17-06-2005
78,Moore,Keemer,mkeemerdo@squidoo.com,Male,684-271-1436,Colombia,21-03-2019
79,Daud,Ishak,dishak0@alexa.com,Male,970-613-2617,Ukraine,24-06-2012
80,O'Gormally,rogormallydd@google.com.br,Female,550-761-3765,Brazil,19-05-2017,
81,Wenonah,Pree,wpreede@economist.com,Female,450-532-9334,Portugal,25-05-2014
82,Grange,Gate,ggatedf@vimeo.com,Male,787-403-6496,Russia,01-09-2016
83,Pace,Ragot,pragotdg@unesco.org,Agender,737-461-2480,Canada,01-12-2017
84,Merridie,Chessell,mchesselldh@webmd.com,Female,413-792-2510,Madagascar,05-08-2014
85,Conchita,Espinho,cespinhodi@phoca.cz,Female,248-789-9370,Indonesia,10-12-2013
86,Cassaundra,Spier,cspierdj@ucsd.edu,Female,433-638-5909,China,06-05-2007
87,Dareen,Winn,dwinndk@youtu.be,Female,521-845-9630,Malaysia,02-02-1993
88,Chic,Echalie,cechaliedl@com.com,Male,464-418-8850,Luxembourg,29-05-2017
89,Pamelina,Talks,ptalksdm@google.ca,Female,742-409-3799,Indonesia,09-02-2002
90,Vladimir,Bremen,vbremendn@intel.com,Male,581-102-8326,Cyprus,17-06-2005
91,Moore,Keemer,mkeemerdo@squidoo.com,Male,684-271-1436,Colombia,21-03-2019
92,Daud,Ishak,dishak0@alexa.com,Male,970-613-2617,Ukraine,24-06-2012
93,O'Gormally,rogormallydd@google.com.br,Female,550-761-3765,Brazil,19-05-2017,
94,Wenonah,Pree,wpreede@economist.com,Female,450-532-9334,Portugal,25-05-2014
95,Grange,Gate,ggatedf@vimeo.com,Male,787-403-6496,Russia,01-09-2016
96,Pace,Ragot,pragotdg@unesco.org,Agender,737-461-2480,Canada,01-12-2017
97,Merridie,Chessell,mchesselldh@webmd.com,Female,413-792-2510,Madagascar,05-08-2014
98,Conchita,Espinho,cespinhodi@phoca.cz,Female,248-789-9370,Indonesia,10-12-2013
99,Cassaundra,Spier,cspierdj@ucsd.edu,Female,433-638-5909,China,06-05-2007
100,Dareen,Winn,dwinndk@youtu.be,Female,521-845-9630,Malaysia,02-02-1993
101,Chic,Echalie,cechaliedl@com.com,Male,464-418-8850,Luxembourg,29-05-2017
102,Pamelina,Talks,ptalksdm@google.ca,Female,742-409-3799,Indonesia,09-02-2002
103,Vladimir,Bremen,vbremendn@intel.com,Male,581-102-8326,Cyprus,17-06-2005
104,Moore,Keemer,mkeemerdo@squidoo.com,Male,684-271-1436,Colombia,21-03-2019
105,Daud,Ishak,dishak0@alexa.com,Male,970-613-2617,Ukraine,24-06-2012
106,O'Gormally,rogormallydd@google.com.br,Female,550-761-3765,Brazil,19-05-2017,
107,Wenonah,Pree,wpreede@economist.com,Female,450-532-9334,Portugal,25-05-2014
108,Grange,Gate,ggatedf@vimeo.com,Male,787-403-6496,Russia,01-09-2016
109,Pace,Ragot,pragotdg@unesco.org,Agender,737-461-2480,Canada,01-12-2017
110,Merridie,Chessell,mchesselldh@webmd.com,Female,413-792-2510,Madagascar,05-08-2014
111,Conchita,Espinho,cespinhodi@phoca.cz,Female,248-789-9370,Indonesia,10-12-2013
112,Cassaundra,Spier,cspierdj@ucsd.edu,Female,433-638-5909,China,06-05-2007
113,Dareen,Winn,dwinndk@youtu.be,Female,521-845-9630,Malaysia,02-02-1993
114,Chic,Echalie,cechaliedl@com.com,Male,464-418-8850,Luxembourg,29-05-2017
115,Pamelina,Talks,ptalksdm@google.ca,Female,742-409-3799,Indonesia,09-02-2002
116,Vladimir,Bremen,vbremendn@intel.com,Male,581-102-8326,Cyprus,17-06-2005
117,Moore,Keemer,mkeemerdo@squidoo.com,Male,684-271-1436,Colombia,21-03-2019
118,Daud,Ishak,dishak0@alexa.com,Male,970-613-2617,Ukraine,24-06-2012
119,O'Gormally,rogormallydd@google.com.br,Female,550-761-3765,Brazil,19-05-2017,
120,Wenonah,Pree,wpreede@economist.com,Female,450-532-9334,Portugal,25-05-2014
121,Grange,Gate,ggatedf@vimeo.com,Male,787-403-6496,Russia,01-09-2016
122,Pace,Ragot,pragotdg@unesco.org,Agender,737-461-2480,Canada,01-12-2017
123,Merridie,Chessell,mchesselldh@webmd.com,Female,413-792-2510,Madagascar,05-08-2014
124,Conchita,Espinho,cespinhodi@phoca.cz,Female,248-789-9370,Indonesia,10-12-2013
125,Cassaundra,Spier,cspierdj@ucsd.edu,Female,433-638-5909,China,06-05-2007
126,Dareen,Winn,dwinndk@youtu.be,Female,521-845-9630,Malaysia,02-02-1993
127,Chic,Echalie,cechaliedl@com.com,Male,464-418-8850,Luxembourg,29-05-2017
128,Pamelina,Talks,ptalksdm@google.ca,Female,742-409-3799,Indonesia,09-02-2002
129,Vladimir,Bremen,vbremendn@intel.com,Male,581-102-8326,Cyprus,17-06-2005
130,Moore,Keemer,mkeemerdo@squidoo.com,Male,684-271-1436,Colombia,21-03-2019
131,Daud,Ishak,dishak0@alexa.com,Male,970-613-2617,Ukraine,24-06-2012
132,O'Gormally,rogormallydd@google.com.br,Female,550-761-3765,Brazil,19-05-2017,
133,Wenonah,Pree,wpreede@economist.com,Female,450-532-9334,Portugal,25-05-2014
134,Grange,Gate,ggatedf@vimeo.com,Male,787-403-6496,Russia,01-09-2016
135,Pace,Ragot,pragotdg@unesco.org,Agender,737-461-2480,Canada,01-12-2017
136,Merridie,Chessell,mchesselldh@webmd.com,Female,413-792-2510,Madagascar,05-08-2014
137,Conchita,Espinho,cespinhodi@phoca.cz,Female,248-789-9370,Indonesia,10-12-2013
138,Cassaundra,Spier,cspierdj@ucsd.edu,Female,433-638-5909,China,06-05-2007
139,Dareen,Winn,dwinndk@youtu.be,Female,521-845-9630,Malaysia,02-02-1993
140,Chic,Echalie,cechaliedl@com.com,Male,464-418-8850,Luxembourg,29-05-2017
141,Pamelina,Talks,ptalksdm@google.ca,Female,742-409-3799,Indonesia,09-02-2002
142,Vladimir,Bremen,vbremendn@intel.com,Male,581-102-8326,Cyprus,17-06-2005
143,Moore,Keemer,mkeemerdo@squidoo.com,Male,684-271-1436,Colombia,21-03-2019
144,Daud,Ishak,dishak0@alexa.com,Male,970-613-2617,Ukraine,24-06-2012
145,O'Gormally,rogormallydd@google.com.br,Female,550-761-3765,Brazil,19-05-2017,
146,Wenonah,Pree,wpreede@economist.com,Female,450-532-9334,Portugal,25-05-2014
147,Grange,Gate,ggatedf@vimeo.com,Male,787-403-6496,Russia,01-09-2016
148,Pace,Ragot,pragotdg@unesco.org,Agender,737-461-2480,Canada,01-12-2017
149,Merridie,Chessell,mchesselldh@webmd.com,Female,413-792-2510,Madagascar,05-08-2014
150,Conchita,Espinho,cespinhodi@phoca.cz,Female,248-789-9370,Indonesia,10-12-2013
151,Cassaundra,Spier,cspierdj@ucsd.edu,Female,433-638-5909,China,06-05-2007
152,Dareen,Winn,dwinndk@youtu.be,Female,521-845-9630,Malaysia,02-02-1993
153,Chic,Echalie,cechaliedl@com.com,Male,464-418-8850,Luxembourg,29-05-2017
154,Pamelina,Talks,ptalksdm@google.ca,Female,742-409-3799,Indonesia,09-02-2002
155,Vladimir,Bremen,vbremendn@intel.com,Male,581-102-8326,Cyprus,17-06-2005
156,Moore,Keemer,mkeemerdo@squidoo.com,Male,684-271-1436,Colombia,21-03-2019
157,Daud,Ishak,dishak0@alexa.com,Male,970-613-2617,Ukraine,24-06-2012
158,O'Gormally,rogormallydd@google.com.br,Female,550-761-3765,Brazil,19-05-2017,
159,Wenonah,Pree,wpreede@economist.com,Female,450-532-9334,Portugal,25-05-2014
160,Grange,Gate,ggatedf@vimeo.com,Male,787-403-6496,Russia,01-09-2016
161,Pace,Ragot,pragotdg@unesco.org,Agender,737-461-2480,Canada,01-12-2017
162,Merridie,Chessell,mchesselldh@webmd.com,Female,413-792-2510,Madagascar,05-08-2014
163,Conchita,Espinho,cespinhodi@phoca.cz,Female,248-789-9370,Indonesia,10-12-2013
164,Cassaundra,Spier,cspierdj@ucsd.edu,Female,433-638-5909,China,06-05-2007
165,Dareen,Winn,dwinndk@youtu.be,Female,521-845-9630,Malaysia,02-02-1993
166,Chic,Echalie,cechaliedl@com.com,Male,464-418-8850,Luxembourg,29-05-2017
167,Pamelina,Talks,ptalksdm@google.ca,Female,742-409-3799,Indonesia,09-02-2002
168,Vladimir,Bremen,vbremendn@intel.com,Male,581-102-8326,Cyprus,17-06-2005
169,Moore,Keemer,mkeemerdo@squidoo.com,Male,684-271-1436,Colombia,21-03-2019
170,Daud,Ishak,dishak0@alexa.com,Male,970-613-2617,Ukraine,24-06-2012
171,O'Gormally,rogormallydd@google.com.br,Female,550-761-3765,Brazil,19-05-2017,
172,Wenonah,Pree,wpreede@economist.com,Female,450-532-9334,Portugal,25-05-2014
173,Grange,Gate,ggatedf@vimeo.com,Male,787-403-6496,Russia,01-09-2016
174,Pace,Ragot,pragotdg@unesco.org,Agender,737-461-2480,Canada,01-12-2017
175,Merridie,Chessell,mchesselldh@webmd.com,Female,413-792-2510,Madagascar,05-08-2014
176,Conchita,Espinho,cespinhodi@phoca.cz,Female,248-789-9370,Indonesia,10-12-2013
177,Cassaundra,Spier,cspierdj@ucsd.edu,Female,433-638-5909,China,06-05-2007
178,Dareen,Winn,dwinndk@youtu.be,Female,521-845-9630,Malaysia,02-02-1993
179,Chic,Echalie,cechaliedl@com.com,Male,464-418-8850,Luxembourg,29-05-2017
180,Pamelina,Talks,ptalksdm@google.ca,Female,742-409-3799,Indonesia,09-02-2002
181,Vladimir,Bremen,vbremendn@intel.com,Male,581-102-8326,Cyprus,17-06-2005
182,Moore,Keemer,mkeemerdo@squidoo.com,Male,684-271-1436,Colombia,21-03-2019
183,Daud,Ishak,dishak0@alexa.com,Male,970-613-2617,Ukraine,24-06-2012
184,O'Gormally,rogormallydd@google.com.br,Female,550-761-3765,Brazil,19-05-2017,
185,Wenonah,Pree,wpreede@economist.com,Female,450-532-9334,Portugal,25-05-2014
186,Grange,Gate,ggatedf@vimeo.com,Male,787-403-6496,Russia,01-09-2016
187,Pace,Ragot,pragotdg@unesco.org,Agender,737-461-2480,Canada,01-12-2017
188,Merridie,Chessell,mchesselldh@webmd.com,Female,413-792-2510,Madagascar,05-08-2014
189,Conchita,Espinho,cespinhodi@phoca.cz,Female,248-789-9370,Indonesia,10-12-2013
190,Cassaundra,Spier,cspierdj@ucsd.edu,Female,433-638-5909,China,06-05-2007
191,Dareen,Winn,dwinndk@youtu.be,Female,521-845-9630,Malaysia,02-02-1993
192,Chic,Echalie,cechaliedl@com.com,Male,464-418-8850,Luxembourg,29-05-2017
193,Pamelina,Talks,ptalksdm@google.ca,Female,742-409-3799,Indonesia,09-02-2002
194,Vladimir,Bremen,vbremendn@intel.com,Male,581-102-8326,Cyprus,17-06-2005
195,Moore,Keemer,mkeemerdo@squidoo.com,Male,684-271-1436,Colombia,21-03-2019
196,Daud,Ishak,dishak0@alexa.com,Male,970-613-2617,Ukraine,24-06-2012
197,O'Gormally,rogormallydd@google.com.br,Female,550-761-3765,Brazil,19-05-2017,
198,Wenonah,Pree,wpreede@economist.com,Female,450-532-9334,Portugal,25-05-2014
199,Grange,Gate,ggatedf@vimeo.com,Male,787-403-6496,Russia,01-09-2016
200,Pace,Ragot,pragotdg@unesco.org,Agender,737-461-2480,Canada,01-12-2017
201,Merridie,Chessell,mchesselldh@webmd.com,Female,413-792-2510,Madagascar,05-08-2014
202,Conchita,Espinho,cespinhodi@phoca.cz,Female,248-789-9370,Indonesia,10-12-2013
203,Cassaundra,Spier,cspierdj@ucsd.edu,Female,433-638-5909,China,06-05-2007
204,Dareen,Winn,dwinndk@youtu.be,Female,521-845-9630,Malaysia,02-02-1993
205,Chic,Echalie,cechaliedl@com.com,Male,464-418-8850,Luxembourg,29-05-2017
206,Pamelina,Talks,ptalksdm@google.ca,Female,742-409-3799,Indonesia,09-02-2002
207,Vladimir,Bremen,vbremendn@intel.com,Male,581-102-8326,Cyprus,17-06-2005
208,Moore,Keemer,mkeemerdo@squidoo.com,Male,684-271-1436,Colombia,21-03-2019
209,Daud,Ishak,dishak0@alexa.com,Male,970-613-2617,Ukraine,24-06-2012
210,O'Gormally,rogormallydd@google.com.br,Female,550-761-3765,Brazil,19-05-2017,
211,Wenonah,Pree,wpreede@economist.com,Female,450-532-9334,Portugal,25-05-2014
212,Grange,Gate,ggatedf@vimeo.com,Male,787-403-6496,Russia,01-09-2016
213,Pace,Ragot,pragotdg@unesco.org,Agender,737-461-2480,Canada,01-12-2017
214,Merridie,Chessell,mchesselldh@webmd.com,Female,413-792-2510,Madagascar,05-08-2014
215,Conchita,Espinho,cespinhodi@phoca.cz,Female,248-789-9370,Indonesia,10-12-2013
216,Cassaundra,Spier,cspierdj@ucsd.edu,Female,433-638-5909,China,06-05-2007
217,Dareen,Winn,dwinndk@youtu.be,Female,521-845-9630,Malaysia,02-02-1993
218,Chic,Echalie,cechaliedl@com.com,Male,464-418-8850,Luxembourg,29-05-2017
219,Pamelina,Talks,ptalksdm@google.ca,Female,742-409-3799,Indonesia,09-02-2002
220,Vladimir,Bremen,vbremendn@intel.com,Male,581-102-8326,Cyprus,17-06-2005
221,Moore,Keemer,mkeemerdo@squidoo.com,Male,684-271-1436,Colombia,21-03-2019
222,Daud,Ishak,dishak0@alexa.com,Male,970-613-2617,Ukraine,24-06-2012
223,O'Gormally,rogormallydd@google.com.br,Female,550-761-3765,Brazil,19-05-2017,
224,Wenonah,Pree,wpreede@economist.com,Female,450-532-9334,Portugal,25-05-2014
225,Grange,Gate,ggatedf@vimeo.com,Male,787-403-6496,Russia,01-09-2016
226,Pace,Ragot,pragotdg@unesco.org,Agender,737-461-2480,Canada,01-12-2017
227,Merridie,Chessell,mchesselldh@webmd.com,Female,413-792-2510,Madagascar,05-08-2014
228,Conchita,Espinho,cespinhodi@phoca.cz,Female,248-789-9370,Indonesia,10-12-2013
229,Cassaundra,Spier,cspierdj@ucsd.edu,Female,433-638-5909,China,06-05-2007
230,Dareen,Winn,dwinndk@youtu.be,Female,521-845-9630,Malaysia,02-02-1993
231,Chic,Echalie,cechaliedl@com.com,Male,464-418-8850,Luxembourg,29-05-2017
232,Pamelina,Talks,ptalksdm@google.ca,Female,742-409-3799,Indonesia,09-02-2002
233,Vladimir,Bremen,vbremendn@intel.com,Male,581-102-8326,Cyprus,17-06-2005
234,Moore,Keemer,mkeemerdo@squidoo.com,Male,684-271-1436,Colombia,21-03-2019
235,Daud,Ishak,dishak0@alexa.com,Male,970-613-2617,Ukraine,24-06-2012
236,O'Gormally,rogormallydd@google.com.br,Female,550-761-3765,Brazil,19-05-2017,
237,Wenonah,Pree,wpreede@economist.com,Female,450-532-9334,Portugal,25-05-2014
238,Grange,Gate,ggatedf@vimeo.com,Male,787-403-6496,Russia,01-09-2016
239,Pace,Ragot,pragotdg@unesco.org,Agender,737-461-2480,Canada,01-12-2017
240,Merridie,Chessell,mchesselldh@webmd.com,Female,413-792-2510,Madagascar,05-08-2014
241,Conchita,Espinho,cespinhodi@phoca.cz,Female,248-789-9370,Indonesia,10-12-2013
242,Cassaundra,Spier,cspierdj@ucsd.edu,Female,433-638-5909,China,06-05-2007
243,Dareen,Winn,dwinndk@youtu.be,Female,521-845-9630,Malaysia,02-02-1993
244,Chic,Echalie,cechaliedl@com.com,Male,464-418-8850,Luxembourg,29-05-2017
245,Pamelina,Talks,ptalksdm@google.ca,Female,742-409-3799,Indonesia,09-02-2002
246,Vladimir,Bremen,vbremendn@intel.com,Male,581-102-8326,Cyprus,17-06-2005
247,Moore,Keemer,mkeemerdo@squidoo.com,Male,684-271-1436,Colombia,21-03-2019
248,Daud,Ishak,dishak0@alexa.com,Male,970-613-2617,Ukraine,24-06-2012
249,O'Gormally,rogormallydd@google.com.br,Female,550-761-3765,Brazil,19-05-2017,
250,Wenonah,Pree,wpreede@economist.com,Female,450-532-9334,Portugal,25-05-2014
251,Grange,Gate,ggatedf@vimeo.com,Male,787-403-6496,Russia,01-09-2016
252,Pace,Ragot,pragotdg@unesco.org,Agender,737-461-2480,Canada,01-12-2017
253,Merridie,Chessell,mchesselldh@webmd.com,Female,413-792-2510,Madagascar,05-08-2014
254,Conchita,Espinho,cespinhodi@phoca.cz,Female,248-789-9370,Indonesia,10-12-2013
255,Cassaundra,Spier,cspierdj@ucsd.edu,Female,433-638-5909,China,06-05-2007
256,Dareen,Winn,dwinndk@youtu.be,Female,521-845-9630,Malaysia,02-02-1993
257,Chic,Echalie,cechaliedl@com.com,Male,464-418-8850,Luxembourg,29-05-2017
258,Pamelina,Talks,ptalksdm@google.ca,Female,742-409-3799,Indonesia,09-02-2002
259,Vladimir,Bremen,vbremendn@intel.com,Male,581-102-8326,Cyprus,17-06-2005
260,Moore,Keemer,mkeemerdo@squidoo.com,Male,684-271-1436,Colombia,21-03-2019
261,Daud,Ishak,dishak0@alexa.com,Male,970-613-2617,Ukraine,24-06-2012
262,O'Gormally,rogormallydd@google.com.br,Female,550-761-3765,Brazil,19-05-2017,
263,Wenonah,Pree,wpreede@economist.com,Female,450-532-9334,Portugal,25-05-2014
264,Grange,Gate,ggatedf@vimeo.com,Male,787-403-6496,Russia,01-09-2016
265,Pace,Ragot,pragotdg@unesco.org,Agender,737-461-2480,Canada,01-12-2017
266,Merridie,Chessell,mchesselldh@webmd.com,Female,413-792-2510,Madagascar,05-08-2014
267,Conchita,Espinho,cespinhodi@phoca.cz,Female,248-789-9370,Indonesia,10-12-2013
268,Cassaundra,Spier,cspierdj@ucsd.edu,Female,433-638-5909,China,06-05-2007
269,Dareen,Winn,dwinndk@youtu.be,Female,521-845-9630,Malaysia,02-02-1993
270,Chic,Echalie,cechaliedl@com.com,Male,464-418-8850,Luxembourg,29-05-2017
271,Pamelina,Talks,ptalksdm@google.ca,Female,742-409-3799,Indonesia,09-02-2002
272,Vladimir,Bremen,vbremendn@intel.com,Male,581-102-8326,Cyprus,17-06-2005
273,Moore,Keemer,mkeemerdo@squidoo.com,Male,684-271-1436,Colombia,21-03-2019
274,Daud,Ishak,dishak0@alexa.com,Male,970-613-2617,Ukraine,24-06-2012
275,O'Gormally,rogormallydd@google.com.br,Female,550-761-3765,Brazil,19-05-2017,
276,Wenonah,Pree,wpreede@economist.com,Female,450-532-9334,Portugal,25-05-2014
277,Grange,Gate,ggatedf@vimeo.com,Male,787-403-6496,Russia,01-09-2016
278,Pace,Ragot,pragotdg@unesco.org,Agender,737-461-2480,Canada,01-12-2017
279,Merridie,Chessell,mchesselldh@webmd.com,Female,413-792-2510,Madagascar,05-08-2014
280,Conchita,Espinho,cespinhodi@phoca.cz,Female,248-789-9370,Indonesia,10-12-2013
281,Cassaundra,Spier,cspierdj@ucsd.edu,Female,433-638-5909,China,06-05-2007
282,Dareen,Winn,dwinndk@youtu.be,Female,521-845-9630,Malaysia,02-02-1993
283,Chic,Echalie,cechaliedl@com.com,Male,464-418-8850,Luxembourg,29-05-2017
284,Pamelina,Talks,ptalksdm@google.ca,Female,742-409-3799,Indonesia,09-02-2002
285,Vladimir,Bremen,vbremendn@intel.com,Male,581-102-8326,Cyprus,17-06-2005
286,Moore,Keemer,mkeemerdo@squidoo.com,Male,684-271-1436,Colombia,21-03-2019
287,Daud,Ishak,dishak0@alexa.com,Male,970-613-2617,Ukraine,24-06-2012
288,O'Gormally,rogormallydd@google.com.br,Female,550-761-3765,Brazil,19-05-2017,
289,Wenonah,Pree,wpreede@economist.com,Female,450-532-9334,Portugal,25-05-2014
290,Grange,Gate,ggatedf@vimeo.com,Male,787-403-6496,Russia,01-09-2016
291,Pace,Ragot,pragotdg@unesco.org,Agender,737-461-2480,Canada,01-12-2017
292,Merridie,Chessell,mchesselldh@webmd.com,Female,413-792-2510,Madagascar,05-08-2014
293,Conchita,Espinho,cespinhodi@phoca.cz,Female,248-789-9370,Indonesia,10-12-2013
294,Cassaundra,Spier,cspierdj@ucsd.edu,Female,433-638-5909,China,06-05-2007
295,Dareen,Winn,dwinndk@youtu.be,Female,521-845-9630,Malaysia,02-02-1993
296,Chic,Echalie,cechaliedl@com.com,Male,464-418-8850,Luxembourg,29-05-2017
297,Pamelina,Talks,ptalksdm@google.ca,Female,742-409-3799,Indonesia,09-02-2002
298,Vladimir,Bremen,vbremendn@intel.com,Male,581-102-8326,Cyprus,17-06-2005
299,Moore,Keemer,mkeemerdo@squidoo.com,Male,684-271-1436,Colombia,21-03-2019
300,Daud,Ishak,dishak0@alexa.com,Male,970-613-2617,Ukraine,24-06-2012
301,O'Gormally,rogormallydd@google.com.br,Female,550-761-3765,Brazil,19-05-2017,
302,Wenonah,Pree,wpreede@economist.com,Female,450-532-9334,Portugal,25-05-2014
303,Grange,Gate,ggatedf@vimeo.com,Male,787-403-6496,Russia,01-09-2016
304,Pace,Ragot,pragotdg@unesco.org,Agender,737-461-2480,Canada,01-12-2017
305,Merridie,Chessell,mchesselldh@webmd.com,Female,413-792-2510,Madagascar,05-08-2014
306,Conchita,Espinho,cespinhodi@phoca.cz,Female,248-789-9370,Indonesia,10-12-2013
307,Cassaundra,Spier,cspierdj@ucsd.edu,Female,433-638-5909,China,06-05-2007
308,Dareen,Winn,dwinndk@youtu.be,Female,521-845-9630,Malaysia,02-02-1993
309,Chic,Echalie,cechaliedl@com.com,Male,464-418-8850,Luxembourg,29-05-2017
310,Pamelina,Talks,ptalksdm@google.ca,Female,742-409-3799,Indonesia,09-02-2002
311,Vladimir,Bremen,vbremendn@intel.com,Male,581-102-8326,Cyprus,17-06-2005
312,Moore,Keemer,mkeemerdo@squidoo.com,Male,684-271-1436,Colombia,21-03-2019
313,Daud,Ishak,dishak0@alexa.com,Male,970-613-2617,Ukraine,24-06-2012
314,O'Gormally,rogormallydd@google.com.br,Female,550-761-3765,Brazil,19-05-2017,
315,Wenonah,Pree,wpreede@economist.com,Female,450-532-9334,Portugal,25-05-2014
316,Grange,Gate,ggatedf@vimeo.com,Male,787-403-6496,Russia,01-09-2016
317,Pace,Ragot,pragotdg@unesco.org,Agender,737-461-2480,Canada,01-12-2017
318,Merridie,Chessell,mchesselldh@webmd.com,Female,413-792-2510,Madagascar,05-08-2014
319,Conchita,Espinho,cespinhodi@phoca.cz,Female,248-789-9370,Indonesia,10-12-2013
320,Cassaundra,Spier,cspierdj@ucsd.edu,Female,433-638-5909,China,06-05-2007
321,Dareen,Winn,dwinndk@youtu.be,Female,521-845-9630,Malaysia,02-02-1993
322,Chic,Echalie,cechaliedl@com.com,Male,464-418-8850,Luxembourg,29-05-2017
323,Pamelina,Talks,ptalksdm@google.ca,Female,742-409-3799,Indonesia,09-02-2002
324,Vladimir,Bremen,vbremendn@intel.com,Male,581-102-8326,Cyprus,17-06-2005
325,Moore,Keemer,mkeemerdo@squidoo.com,Male,684-271-1436,Colombia,21-03-2019
326,Daud,Ishak,dishak0@alexa.com,Male,970-613-2617,Ukraine,24-06-2012
327,O'Gormally,rogormallydd@google.com.br,Female,550-761-3765,Brazil,19-05-2017,
328,Wenonah,Pree,wpreede@economist.com,Female,450-532-9334,Portugal,25-05-2014
329,Grange,Gate,ggatedf@vimeo.com,Male,787-403-6496,Russia,01-09-2016
330,Pace,Ragot,pragotdg@unesco.org,Agender,737-461-2480,Canada,01-12-2017
331,Merridie,Chessell,mchesselldh@webmd.com,Female,413-792-2510,Madagascar,05-08-2014
332,Conchita,Espinho,cespinhodi@phoca.cz,Female,248-789-9370,Indonesia,10-12-2013
333,Cassaundra,Spier,cspierdj@ucsd.edu,Female,433-638-5909,China,06-05-2007
334,Dareen,Winn,dwinndk@youtu.be,Female,521-845-9630,Malaysia,02-02-1993
335,Chic,Echalie,cechaliedl@com.com,Male,464-418-8850,Luxembourg,29-05-2017
336,Pamelina,Talks,ptalksdm@google.ca,Female,742-409-3799,Indonesia,09-02-2002
337,Vladimir,Bremen,vbremendn@intel.com,Male,581-102-8326,Cyprus,17-06-2005
338,Moore,Keemer,mkeemerdo@squidoo.com,Male,684-271-1436,Colombia,21-03-2019
339,Daud,Ishak,dishak0@alexa.com,Male,970-613-2617,Ukraine,24-06-2012
340,O'Gormally,rogormallydd@google.com.br,Female,550-761-3765,Brazil,19-05-2017,
341,Wenonah,Pree,wpreede@economist.com,Female,450-532-9334,Portugal,25-05-2014
342,Grange,Gate,ggatedf@vimeo.com,Male,787-403-6496,Russia,01-09-2016
343,Pace,Ragot,pragotdg@unesco.org,Agender,737-461-2480,Canada,01-12-2017
344,Merridie,Chessell,mchesselldh@webmd.com,Female,413-792-2510,Madagascar,05-08-2014
345,Conchita,Espinho,cespinhodi@phoca.cz,Female,248-789-9370,Indonesia,10-12-2013
346,Cassaundra,Spier,cspierdj@ucsd.edu,Female,433-638-5909,China,06-05-2007
347,Dareen,Winn,dwinndk@youtu.be,Female,521-845-9630,Malaysia,02-02-1993
348,Chic,Echalie,cechaliedl@com.com,Male,464-418-8850,Luxembourg,29-05-2017
349,Pamelina,Talks,ptalksdm@google.ca,Female,742-409-3799,Indonesia,09-02-2002
350,Vladimir,Bremen,vbremendn@intel.com,Male,581-102-8326,Cyprus,17-06-2005
351,Moore,Keemer,mkeemerdo@squidoo.com,Male,684-271-1436,Colombia,21-03-2019
352,Daud,Ishak,dishak0@alexa.com,Male,970-613-2617,Ukraine,24-06-2012
353,O'Gormally,rogormallydd@google.com.br,Female,550-761-3765,Brazil,19-05-2017,
354,Wenonah,Pree,wpreede@economist.com,Female,450-532-9334,Portugal,25-05-2014
355,Grange,Gate,ggatedf@vimeo.com,Male,787-403-6496,Russia,01-09-2016
356,Pace,Ragot,pragotdg@unesco.org,Agender,737-461-2480,Canada,01-12-2017
357,Merridie,Chessell,mchesselldh@webmd.com,Female,413-792-2510,Madagascar,05-08-2014
358,Conchita,Espinho,cespinhodi@phoca.cz,Female,248-789-9370,Indonesia,10-12-2013
359,Cassaundra,Spier,cspierdj@ucsd.edu,Female,433-638-5909,China,06-05-2007
360,Dareen,Winn,dwinndk@youtu.be,Female,521-845-9630,Malaysia,02-02-1993
361,Chic,Echalie,cechaliedl@com.com,Male,464-418-8850,Luxembourg,29-05-2017
362,Pamelina,Talks,ptalksdm@google.ca,Female,742-409-3799,Indonesia,09-02-2002
363,Vladimir,Bremen,vbremendn@intel.com,Male,581-102-8326,Cyprus,17-06-2005
364,Moore,Keemer,mkeemerdo@squidoo.com,Male,684-271-1436,Colombia,21-03-2019
365,Daud,Ishak,dishak0@alexa.com,Male,970-613-2617,Ukraine,24-06-2012
366,O'Gormally,rogormallydd@google.com.br,Female,550-761-3765,Brazil,19-05-2017,
367,Wenonah,Pree,wpreede@economist.com,Female,450-532-9334,Portugal,25-05-2014
368,Grange,Gate,ggatedf@vimeo.com,Male,787-403-6496,Russia,01-09-2016
369,Pace,Ragot,pragotdg@unesco.org,Agender,737-461-2480,Canada,01-12-2017
370,Merridie,Chessell,mchesselldh@webmd.com,Female,413-792-2510,Madagascar,05-08-2014
371,Conchita,Espinho,cespinhodi@phoca.cz,Female,248-789-9370,Indonesia,10-12-2013
372,Cassaundra,Spier,cspierdj@ucsd.edu,Female,433-638-5909,China,06-05-2007
373,Dareen,Winn,dwinndk@youtu.be,Female,521-845-9630,Malaysia,02-02-1993
374,Chic,Echalie,cechaliedl@com.com,Male,464-418-8850,Luxembourg,29-05-2017
375,Pamelina,Talks,ptalksdm@google.ca,Female,742-409-3799,Indonesia,09-02-2002
376,Vladimir,Bremen,vbremendn@intel.com,Male,581-102-8326,Cyprus,17-06-2005
377,Moore,Keemer,mkeemerdo@squidoo.com,Male,684-271-1436,Colombia,21-03-2019
378,Daud,Ishak,dishak0@alexa.com,Male,970-613-2617,Ukraine,24-06-2012
379,O'Gormally,rogormallydd@google.com.br,Female,550-761-3765,Brazil,19-05-2017,
380,Wenonah,Pree,wpreede@economist.com,Female,450-532-9334,Portugal,25-05-2014
381,Grange,Gate,ggatedf@vimeo.com,Male,787-403-6496,Russia,01-09-2016
382,Pace,Ragot,pragotdg@unesco.org,Agender,737-461-2480,Canada,01-12-2017
383,Merridie,Chessell,mchesselldh@webmd.com,Female,413-792-2510,Madagascar,05-08-2014
384,Conchita,Espinho,cespinhodi@phoca.cz,Female,248-789-9370,Indonesia,10-12-2013
385,Cassaundra,Spier,cspierdj@ucsd.edu,Female,433-638-5909,China,06-05-2007
386,Dareen,Winn,dwinndk@youtu.be,Female,521-845-9630,Malaysia,02-02-1993
387,Chic,Echalie,cechaliedl@com.com,Male,464-418-8850,Luxembourg,29-05-2017
388,Pamelina,Talks,ptalksdm@google.ca,Female,742-409-3799,Indonesia,09-02-2002
389,Vladimir,Bremen,vbremendn@intel.com,Male,581-102-8326,Cyprus,17-06-2005
390,Moore,Keemer,mkeemerdo@squidoo.com,Male,684-271-1436,Colombia,21-03-2019
391,Daud,Ishak,dishak0@alexa.com,Male,970-613-2617,Ukraine,24-06-2012
392,O'Gormally,rogormallydd@google.com.br,Female,550-761-3765,Brazil,19-05-2017,
393,Wenonah,Pree,wpreede@economist.com,Female,450-532-9334,Portugal,25-05-2014
394,Grange,Gate,ggatedf@vimeo.com,Male,787-403-6496,Russia,01-09-2016
395,Pace,Ragot,pragotdg@unesco.org,Agender,737-461-2480,Canada,01-12-2017
396,Merridie,Chessell,mchesselldh@webmd.com,Female,413-792-2510,Madagascar,05-08-2014
397,Conchita,Espinho,cespinhodi@phoca.cz,Female,248-789-9370,Indonesia,10-12-2013
398,Cassaundra,Spier,cspierdj@ucsd.edu,Female,433-638-5909,China,06-05-2007
399,Dareen,Winn,dwinndk@youtu.be,Female,521-845-9630,Malaysia,02-02-1993
400,Chic,Echalie,cechaliedl@com.com,Male,464-418-8850,Luxembourg,29-05-2017
401,Pamelina,Talks,ptalksdm@google.ca,Female,742-409-3799,Indonesia,09-02-2002
402,Vladimir,Bremen,vbremendn@intel.com,Male,581-102-8326,Cyprus,17-06-2005
403,Moore,Keemer,mkeemerdo@squidoo.com,Male,684-271-1436,Colombia,21-03-2019
404,Daud,Ishak,dishak0@alexa.com,Male,970-613-2617,Ukraine,24-06-2012
405,O'Gormally,rogormallydd@google.com.br,Female,550-761-3765,Brazil,19-05-2017,
406,Wenonah,Pree,wpreede@economist.com,Female,450-532-9334,Portugal,25-05-2014
407,Grange,Gate,ggatedf@vimeo.com,Male,787-403-6496,Russia,01-09-2016
408,Pace,Ragot,pragotdg@unesco.org,Agender,737-461-2480,Canada,01-12-2017
409,Merridie,Chessell,mchesselldh@webmd.com,Female,413-792-2510,Madagascar,05-08-2014
410,Conchita,Espinho,cespinhodi@phoca.cz,Female,248-789-9370,Indonesia,10-12-2013
411,Cassaundra,Spier,cspierdj@ucsd.edu,Female,433-638-5909,China,06-05-2007
412,Dareen,Winn,dwinndk@youtu.be,Female,521-845-9630,Malaysia,02-02-1993
413,Chic,Echalie,cechaliedl@com.com,Male,464-418-8850,Luxembourg,29-05-2017
414,Pamelina,Talks,ptalksdm@google.ca,Female,742-409-3799,Indonesia,09-02-2002
415,Vladimir,Bremen,vbremendn@intel.com,Male,581-102-8326,Cyprus,17-06-2005
416,Moore,Keemer,mkeemerdo@squidoo.com,Male,684-271-1436,Colombia,21-03-2019
417,Daud,Ishak,dishak0@alexa.com,Male,970-613-2617,Ukraine,24-06-2012
418,O'Gormally,rogormallydd@google.com.br,Female,550-761-3765,Brazil,19-05-2017,
419,Wenonah,Pree,wpreede@economist.com,Female,450-532-9334,Portugal,25-05-2014
420,Grange,Gate,ggatedf@vimeo.com,Male,787-403-6496,Russia,01-09-2016
421,Pace,Ragot,pragotdg@unesco.org,Agender,737-461-2480,Canada,01-12-2017
422,Merridie,Chessell,mchesselldh@webmd.com,Female,413-792-2510,Madagascar,05-08-2014
423,Conchita,Espinho,cespinhodi@phoca.cz,Female,248-789-9370,Indonesia,10-12-2013
424,Cassaundra,Spier,cspierdj@ucsd.edu,Female,433-638-5909,China,06-05-2007
425,Dareen,Winn,dwinndk@youtu.be,Female,521-845-9630,Malaysia,02-02-1993
426,Chic,Echalie,cechaliedl@com.com,Male,464-418-8850,Luxembourg,29-05-2017
427,Pamelina,Talks,ptalksdm@google.ca,Female,742-409-3799,Indonesia,09-02-2002
428,Vladimir,Bremen,vbremendn@intel.com,Male,581-102-8326,Cyprus,17-06-2005
429,Moore,Keemer,mkeemerdo@squidoo.com,Male,684-271-1436,Colombia,21-03-2019
430,Daud,Ishak,dishak0@alexa.com,Male,970-613-2617,Ukraine,24-06-2012
431,O'Gormally,rogormallydd@google.com.br,Female,550-761-3765,Brazil,19-05-2017,
432,Wenonah,Pree,wpreede@economist.com,Female,450-532-9334,Portugal,25-05-2014
433,Grange,Gate,ggatedf@vimeo.com,Male,787-403-6496,Russia,01-09-2016
434,Pace,Ragot,pragotdg@unesco.org,Agender,737-461-2480,Canada,01-12-2017
435,Merridie,Chessell,mchesselldh@webmd.com,Female,413-792-2510,Madagascar,05-08-2014
436,Conchita,Espinho,cespinhodi@phoca.cz,Female,248-789-9370,Indonesia,10-12-2013
437,Cassaundra,Spier,cspierdj@ucsd.edu,Female,433-638-5909,China,06-05-2007
438,Dareen,Winn,dwinndk@youtu.be,Female,521-845-9630,Malaysia,02-02-1993
439,Chic,Echalie,cechaliedl@com.com,Male,464-418-8850,Luxembourg,29-05-2017
440,Pamelina,Talks,ptalksdm@google.ca,Female,742-409-3799,Indonesia,09-02-2002
441,Vladimir,Bremen,vbremendn@intel.com,Male,581-102-8326,Cyprus,17-06-2005
442,Moore,Keemer,mkeemerdo@squidoo.com,Male,684-271-1436,Colombia,21-03-2019
443,Daud,Ishak,dishak0@alexa.com,Male,970-613-2617,Ukraine,24-06-2012
444,O'Gormally,rogormallydd@google.com.br,Female,550-761-3765,Brazil,19-05-2017,
445,Wenonah,Pree,wpreede@economist.com,Female,450-532-9334,Portugal,25-05-2014
446,Grange,Gate,ggatedf@vimeo.com,Male,787-403-6496,Russia,01-09-2016
447,Pace,Ragot,pragotdg@unesco.org,Agender,737-461-2480,Canada,01-12-2017
448,Merridie,Chessell,mchesselldh@webmd.com,Female,413-792-2510,Madagascar,05-08-2014
449,Conchita,Espinho,cespinhodi@phoca.cz,Female,248-789-9370,Indonesia,10-12-2013
450,Cassaundra,Spier,cspierdj@ucsd.edu,Female,433-638-5909,China,06-05-2007
451,Dareen,Winn,dwinndk@youtu.be,Female,521-845-9630,Malaysia,02-02-1993
452,Chic,Echalie,cechaliedl@com.com,Male,464-418-8850,Luxembourg,29-05-2017
453,Pamelina,Talks,ptalksdm@google.ca,Female,742-409-3799,Indonesia,09-02-2002
454,Vladimir,Bremen,vbremendn@intel.com,Male,581-102-8326,Cyprus,17-06-2005
455,Moore,Keemer,mkeemerdo@squidoo.com,Male,684-271-1436,Colombia,21-03-2019
456,Daud,Ishak,dishak0@alexa.com,Male,970-613-2617,Ukraine,24-06-2012
457,O'Gormally,rogormallydd@google.com.br,Female,550-761-3765,Brazil,19-05-2017,
458,Wenonah,Pree,wpreede@economist.com,Female,450-532-9334,Portugal,25-05-2014
459,Grange,Gate,ggatedf@vimeo.com,Male,787-403-6496,Russia,01-09-2016
460,Pace,Ragot,pragotdg@unesco.org,Agender,737-461-2480,Canada,01-12-2017
461,Merridie,Chessell,mchesselldh@webmd.com,Female,413-792-2510,Madagascar,05-08-2014
462,Conchita,Espinho,cespinhodi@phoca.cz,Female,248-789-9370,Indonesia,10-12-2013
463,Cassaundra,Spier,cspierdj@ucsd.edu,Female,433-638-5909,China,06-05-2007
464,Dareen,Winn,dwinndk@youtu.be,Female,521-845-9630,Malaysia,02-02-1993
465,Chic,Echalie,cechaliedl@com.com,Male,464-418-8850,Luxembourg,29-05-2017
466,Pamelina,Talks,ptalksdm@google.ca,Female,742-409-3799,Indonesia,09-02-2002
467,Vladimir,Bremen,vbremendn@intel.com,Male,581-102-8326,Cyprus,17-06-2005
468,Moore,Keemer,mkeemerdo@squidoo.com,Male,684-271-1436,Colombia,21-03-2019
469,Daud,Ishak,dishak0@alexa.com,Male,970-613-2617,Ukraine,24-06-2012
470,O'Gormally,rogormallydd@google.com.br,Female,550-761-3765,Brazil,19-05-2017,
471,Wenonah,Pree,wpreede@economist.com,Female,450-532-9334,Portugal,25-05-2014
472,Grange,Gate,ggatedf@vimeo.com,Male,787-403-6496,Russia,01-09-2016
473,Pace,Ragot,pragotdg@unesco.org,Agender,737-461-2480,Canada,01-12-2017
474,Merridie,Chessell,mchesselldh@webmd.com,Female,413-792-2510,Madagascar,05-08-2014
475,Conchita,Espinho,cespinhodi@phoca.cz,Female,248-789-9370,Indonesia,10-12-2013
476,Cassaundra,Spier,cspierdj@ucsd.edu,Female,433-638-5909,China,06-05-2007
477,Dareen,Winn,dwinndk@youtu.be,Female,521-845-9630,Malaysia,02-02-1993
478,Chic,Echalie,cechaliedl@com.com,Male,464-418-8850,Luxembourg,29-05-2017
479,Pamelina,Talks,ptalksdm@google.ca,Female,742-409-3799,Indonesia,09-02-2002
480,Vladimir,Bremen,vbremendn@intel.com,Male,581-102-8326,Cyprus,17-06-2005
481,Moore,Keemer,mkeemerdo@squidoo.com,Male,684-271-1436,Colombia,21-03-2019
482,Daud,Ishak,dishak0@alexa.com,Male,970-613-2617,Ukraine,24-06-2012
483,O'Gormally,rogormallydd@google.com.br,Female,550-761-3765,Brazil,19-05-2017,
484,Wenonah,Pree,wpreede@economist.com,Female,450-532-9334,Portugal,25-05-2014
485,Grange,Gate,ggatedf@vimeo.com,Male,787-403-6496,Russia,01-09-2016
486,Pace,Ragot,pragotdg@unesco.org,Agender,737-461-2480,Canada,01-12-2017
487,Merridie,Chessell,mchesselldh@webmd.com,Female,413-792-2510,Madagascar,05-08-2014
488,Conchita,Espinho,cespinhodi@phoca.cz,Female,248-789-9370,Indonesia,10-12-2013
489,Cassaundra,Spier,cspierdj@ucsd.edu,Female,433-638-5909,China,06-05-2007
490,Dareen,Winn,dwinndk@youtu.be,Female,521-845-9630,Malaysia,02-02-1993
491,Chic,Echalie,cechaliedl@com.com,Male,464-418-8850,Luxembourg,29-05-2017
492,Pamelina,Talks,ptalksdm@google.ca,Female,742-409-3799,Indonesia,09-02-2002
493,Vladimir,Bremen,vbremendn@intel.com,Male,581-102-8326,Cyprus,17-06-2005
494,Moore,Keemer,mkeemerdo@squidoo.com,Male,684-271-1436,Colombia,21-03-2019
495,Daud,Ishak,dishak0@alexa.com,Male,970-613-2617,Ukraine,24-06-2012
496,O'Gormally,rogormallydd@google.com.br,Female,550-761-3765,Brazil,19-05-2017,
497,Wenonah,Pree,wpreede@economist.com,Female,450-532-9334,Portugal,25-05-2014
498,Grange,Gate,ggatedf@vimeo.com,Male,787-403-6496,Russia,01-09-2016
499,Pace,Ragot,pragotdg@unesco.org,Agender,737-461-2480,Canada,01-12-2017
500,Merridie,Chessell,mchesselldh@webmd.com,Female,413-792-2510,Madagascar,05-08-2014
501,Conchita,Espinho,cespinhodi@phoca.cz,Female,248-789-9370,Indonesia,10-12-2013
502,Cassaundra,Spier,cspierdj@ucsd.edu,Female,433-638-5909,China,06-05-2007
503,Dareen,Winn,dwinndk@youtu.be,Female,521-845-9630,Malaysia,02-02-1993
504,Chic,Echalie,cechaliedl@com.com,Male,464-418-8850,Luxembourg,29-05-2017
505,Pamelina,Talks,ptalksdm@google.ca,Female,742-409-3799,Indonesia,09-02-2002
506,Vladimir,Bremen,vbremendn@intel.com,Male,581-102-8326,Cyprus,17-06-2005
507,Moore,Keemer,mkeemerdo@squidoo.com,Male,684-271-1436,Colombia,21-03-2019
508,Daud,Ishak,dishak0@alexa.com,Male,970-613-2617,Ukraine,24-06-2012
509,O'Gormally,rogormallydd@google.com.br,Female,550-761-3765,Brazil,19-05-2017,
510,Wenonah,Pree,wpreede@economist.com,Female,450-532-9334,Portugal,25-05-2014
511,Grange,Gate,ggatedf@vimeo.com,Male,787-403-6496,Russia,01-09-2016
512,Pace,Ragot,pragotdg@unesco.org,Agender,737-461-2480,Canada,01-12-2017
513,Merridie,Chessell,mchesselldh@webmd.com,Female,413-792-2510,Madagascar,05-08-2014
514,Conchita,Espinho,cespinhodi@phoca.cz,Female,248-789-9370,Indonesia,10-12-2013
515,Cassaundra,Spier,cspierdj@ucsd.edu,Female,433-638-5909,China,06-05-2007
516,Dareen,Winn,dwinndk@youtu.be,Female,521-845-9630,Malaysia,02-02-1993
517,Chic,Echalie,cechaliedl@com.com,Male,464-418-8850,Luxembourg,29-05-2017
518,Pamelina,Talks,ptalksdm@google.ca,Female,742-409-3799,Indonesia,09-02-2002
519,Vladimir,Bremen,vbremendn@intel.com,Male,581-102-8326,Cyprus,17-06-2005
520,Moore,Keemer,mkeemerdo@squidoo.com,Male,684-271-1436,Colombia,21-03-2019
521,Daud,Ishak,dishak0@alexa.com,Male,970-613-2617,Ukraine,24-06-2012
522,O'Gormally,rogormallydd@google.com.br,Female,550-761-3765,Brazil,19-05-2017,
523,Wenonah,Pree,wpreede@economist.com,Female,450-532-9334,Portugal,25-05-2014
524,Grange,Gate,ggatedf@vimeo.com,Male,787-403-6496,Russia,01-09-2016
525,Pace,Ragot,pragotdg@unesco.org,Agender,737-461-2480,Canada,01-12-2017
526,Merridie,Chessell,mchesselldh@webmd.com,Female,413-792-2510,Madagascar,05-08-2014
527,Conchita,Espinho,cespinhodi@phoca.cz,Female,248-789-9370,Indonesia,10-12-2013
528,Cassaundra,Spier,cspierdj@ucsd.edu,Female,433-638-5909,China,06-05-2007
529,Dareen,Winn,dwinndk@youtu.be,Female,521-845-9630,Malaysia,02-02-1993
530,Chic,Echalie,cechaliedl@com.com,Male,464-418-8850,Luxembourg,29-05-2017
531,Pamelina,Talks,ptalksdm@google.ca,Female,742-409-3799,Indonesia,09-02-2002
532,Vladimir,Bremen,vbremendn@intel.com,Male,581-102-8326,Cyprus,17-06-2005
533,Moore,Keemer,mkeemerdo@squidoo.com,Male,684-271-1436,Colombia,21-03-2019
534,Daud,Ishak,dishak0@alexa.com,Male,970-613-2617,Ukraine,24-06-2012
535,O'Gormally,rogormallydd@google.com.br,Female,550-761-3765,Brazil,19-05-2017,
536,Wenonah,Pree,wpreede@economist.com,Female,450-532-9334,Portugal,25-05-2014
537,Grange,Gate,ggatedf@vimeo.com,Male,787-403-6496,Russia,01-09-2016
538,Pace,Ragot,pragotdg@unesco.org,Agender,737-461-2480,Canada,01-12-2017
539,Merridie,Chessell,mchesselldh@webmd.com,Female,413-792-2510,Madagascar,05-08-2014
540,Conchita,Espinho,cespinhodi@phoca.cz,Female,248-789-9370,Indonesia,10-12-2013
541,Cassaundra,Spier,cspierdj@ucsd.edu,Female,433-638-5909,China,06-05-2007
542,Dareen,Winn,dwinndk@youtu.be,Female,521-845-9630,Malaysia,02-02-1993
543,Chic,Echalie,cechaliedl@com.com,Male,464-418-8850,Luxembourg,29-05-2017
544,Pamelina,Talks,ptalksdm@google.ca,Female,742-409-3799,Indonesia,09-02-2002
545,Vladimir,Bremen,vbremendn@intel.com,Male,581-102-8326,Cyprus,17-06-2005
546,Moore,Keemer,mkeemerdo@squidoo.com,Male,684-271-1436,Colombia,21-03-2019
547,Daud,Ishak,dishak0@alexa.com,Male,970-613-2617,Ukraine,24-06-2012
548,O'Gormally,rogormallydd@google.com.br,Female,550-761-3765,Brazil,19-05-2017,
549,Wenonah,Pree,wpreede@economist.com,Female,450-532-9334,Portugal,25-05-2014
550,Grange,Gate,ggatedf@vimeo.com,Male,787-403-6496,Russia,01-09-2016
551,Pace,Ragot,pragotdg@unesco.org,Agender,737-461-2480,Canada,01-12-2017
552,Merridie,Chessell,mchesselldh@webmd.com,Female,413-792-2510,Madagascar,05-08-2014
553,Conchita,Espinho,cespinhodi@phoca.cz,Female,248-789-9370,Indonesia,10-12-2013
554,Cassaundra,Spier,cspierdj@ucsd.edu,Female,433-638-5909,China,06-05-2007
555,Dareen,Winn,dwinndk@youtu.be,Female,521-845-9630,Malaysia,02-02-1993
556,Chic,Echalie,cechaliedl@com.com,Male,464-418-8850,Luxembourg,29-05-2017
557,Pamelina,Talks,ptalksdm@google.ca,Female,742-409-3799,Indonesia,09-02-2002
558,Vladimir,Bremen,vbremendn@intel.com,Male,581-102-8326,Cyprus,17-06-2005
559,Moore,Keemer,mkeemerdo@squidoo.com,Male,684-271-1436,Colombia,21-03-2019
560,Daud,Ishak,dishak0@alexa.com,Male,970-613-2617,Ukraine,24-06-2012
561,O'Gormally,rogormallydd@google.com.br,Female,550-761-3765,Brazil,19-05-2017,
562,Wenonah,Pree,wpreede@economist.com,Female,450-532-9334,Portugal,25-05-2014
563,Grange,Gate,ggatedf@vimeo.com,Male,787-403-6496,Russia,01-09-2016
564,Pace,Ragot,pragotdg@unesco.org,Agender,737-461-2480,Canada,01-12-2017
565,Merridie,Chessell,mchesselldh@webmd.com,Female,413-792-2510,Madagascar,05-08-2014
566,Conchita,Espinho,cespinhodi@phoca.cz,Female,248-789-9370,Indonesia,10-12-2013
567,Cassaundra,Spier,cspierdj@ucsd.edu,Female,433-638-5909,China,06-05-2007
568,Dareen,Winn,dwinndk@youtu.be,Female,521-845-9630,Malaysia,02-02-1993
569,Chic,Echalie,cechaliedl@com.com,Male,464-418-8850,Luxembourg,29-05-2017
570,Pamelina,Talks,ptalksdm@google.ca,Female,742-409-3799,Indonesia,09-02-2002
571,Vladimir,Bremen,vbremendn@intel.com,Male,581-102-8326,Cyprus,17-06-2005
572,Moore,Keemer,mkeemerdo@squidoo.com,Male,684-271-1436,Colombia,21-03-2019
573,Daud,Ishak,dishak0@alexa.com,Male,970-613-2617,Ukraine,24-06-2012
574,O'Gormally,rogormallydd@google.com.br,Female,550-761-3765,Brazil,19-05-2017,
575,Wenonah,Pree,wpreede@economist.com,Female,450-532-9334,Portugal,25-05-2014
576,Grange,Gate,ggatedf@vimeo.com,Male,787-403-6496,Russia,01-09-2016
577,Pace,Ragot,pragotdg@unesco.org,Agender,737-461-2480,Canada,01-12-2017
578,Merridie,Chessell,mchesselldh@webmd.com,Female,413-792-2510,Madagascar,05-08-2014
579,Conchita,Espinho,cespinhodi@phoca.cz,Female,248-789-9370,Indonesia,10-12-2013
580,Cassaundra,Spier,cspierdj@ucsd.edu,Female,433-638-5909,China,06-05-2007
581,Dareen,Winn,dwinndk@youtu.be,Female,521-845-9630,Malaysia,02-02-1993
582,Chic,Echalie,cechaliedl@com.com,Male,464-418-8850,Luxembourg,29-05-2017
583,Pamelina,Talks,ptalksdm@google.ca,Female,742-409-3799,Indonesia,09-02-2002
584,Vladimir,Bremen,vbremendn@intel.com,Male,581-102-8326,Cyprus,17-06-2005
585,Moore,Keemer,mkeemerdo@squidoo.com,Male,684-271-1436,Colombia,21-03-2019
586,Daud,Ishak,dishak0@alexa.com,Male,970-613-2617,Ukraine,24-06-2012
587,O'Gormally,rogormallydd@google.com.br,Female,550-761-3765,Brazil,19-05-2017,
588,Wenonah,Pree,wpreede@economist.com,Female,450-532-9334,Portugal,25-05-2014
589,Grange,Gate,ggatedf@vimeo.com,Male,787-403-6496,Russia,01-09-2016
590,Pace,Ragot,pragotdg@unesco.org,Agender,737-461-2480,Canada,01-12-2017
591,Merridie,Chessell,mchesselldh@webmd.com,Female,413-792-2510,Madagascar,05-08-2014
592,Conchita,Espinho,cespinhodi@phoca.cz,Female,248-789-9370,Indonesia,10-12-2013
593,Cassaundra,Spier,cspierdj@ucsd.edu,Female,433-638-5909,China,06-05-2007
594,Dareen,Winn,dwinndk@youtu.be,Female,521-845-9630,Malaysia,02-02-1993
595,Chic,Echalie,cechaliedl@com.com,Male,464-418-8850,Luxembourg,29-05-2017
596,Pamelina,Talks,ptalksdm@google.ca,Female,742-409-3799,Indonesia,09-02-2002
597,Vladimir,Bremen,vbremendn@intel.com,Male,581-102-8326,Cyprus,17-06-2005
598,Moore,Keemer,mkeemerdo@squidoo.com,Male,684-271-1436,Colombia,21-03-2019
599,Daud,Ishak,dishak0@alexa.com,Male,970-613-2617,Ukraine,24-06-2012
600,O'Gormally,rogormallydd@google.com.br,Female,550-761-3765,Brazil,19-05-2017,
601,Wenonah,Pree,wpreede@economist.com,Female,450-532-9334,Portugal,25-05-2014
602,Grange,Gate,ggatedf@vimeo.com,Male,787-403-6496,Russia,01-09-2016
603,Pace,Ragot,pragotdg@unesco.org,Agender,737-461-2480,Canada,01-12-2017
604,Merridie,Chessell,mchesselldh@webmd.com,Female,413-792-2510,Madagascar,05-08-2014
605,Conchita,Espinho,cespinhodi@phoca.cz,Female,248-789-9370,Indonesia,10-12-2013
606,Cassaundra,Spier,cspierdj@ucsd.edu,Female,433-638-5909,China,06-05-2007
607,Dareen,Winn,dwinndk@youtu.be,Female,521-845-9630,Malaysia,02-02-1993
608,Chic,Echalie,cechaliedl@com.com,Male,464-418-8850,Luxembourg,29-05-2017
609,Pamelina,Talks,ptalksdm@google.ca,Female,742-409-3799,Indonesia,09-02-2002
610,Vladimir,Bremen,vbremendn@intel.com,Male,581-102-8326,Cyprus,17-06-2005
611,Moore,Keemer,mkeemerdo@squidoo.com,Male,684-271-1436,Colombia,21-03-2019
612,Daud,Ishak,dishak0@alexa.com,Male,970-613-2617,Ukraine,24-06-2012
613,O'Gormally,rogormallydd@google.com.br,Female,550-761-3765,Brazil,19-05-2017,
614,Wenonah,Pree,wpreede@economist.com,Female,450-532-9334,Portugal,25-05-2014
615,Grange,Gate,ggatedf@vimeo.com,Male,787-403-6496,Russia,01-09-2016
616,Pace,Ragot,pragotdg@unesco.org,Agender,737-461-2480,Canada,01-12-2017
617,Merridie,Chessell,mchesselldh@webmd.com,Female,413-792-2510,Madagascar,05-08-2014
618,Conchita,Espinho,cespinhodi@phoca.cz,Female,248-789-9370,Indonesia,10-12-2013
619,Cassaundra,Spier,cspierdj@ucsd.edu,Female,433-638-5909,China,06-05-2007
620,Dareen,Winn,dwinndk@youtu.be,Female,521-845-9630,Malaysia,02-02-1993
621,Chic,Echalie,cechaliedl@com.com,Male,464-418-8850,Luxembourg,29-05-2017
622,Pamelina,Talks,ptalksdm@google.ca,Female,742-409-3799,Indonesia,09-02-2002
623,Vladimir,Bremen,vbremendn@intel.com,Male,581-102-8326,Cyprus,17-06-2005
624,Moore,Keemer,mkeemerdo@squidoo.com,Male,684-271-1436,Colombia,21-03-2019
625,Daud,Ishak,dishak0@alexa.com,Male,970-613-2617,Ukraine,24-06-2012
626,O'Gormally,rogormallydd@google.com.br,Female,550-761-3765,Brazil,19-05-2017,
627,Wenonah,Pree,wpreede@economist.com,Female,450-532-9334,Portugal,25-05-2014
628,Grange,Gate,ggatedf@vimeo.com,Male,787-403-6496,Russia,01-09-2016
629,Pace,Ragot,pragotdg@unesco.org,Agender,737-461-2480,Canada,01-12-2017
630,Merridie,Chessell,mchesselldh@webmd.com,Female,413-792-2510,Madagascar,05-08-2014
631,Conchita,Espinho,cespinhodi@phoca.cz,Female,248-789-9370,Indonesia,10-12-2013
632,Cassaundra,Spier,cspierdj@ucsd.edu,Female,433-638-5909,China,06-05-2007
633,Dareen,Winn,dwinndk@youtu.be,Female,521-845-9630,Malaysia,02-02-1993
634,Chic,Echalie,cechaliedl@com.com,Male,464-418-8850,Luxembourg,29-05-2017
635,Pamelina,Talks,ptalksdm@google.ca,Female,742-409-3799,Indonesia,09-02-2002
636,Vladimir,Bremen,vbremendn@intel.com,Male,581-102-8326,Cyprus,17-06-2005
637,Moore,Keemer,mkeemerdo@squidoo.com,Male,684-271-1436,Colombia,21-03-2019
638,Daud,Ishak,dishak0@alexa.com,Male,970-613-2617,Ukraine,24-06-2012
639,O'Gormally,rogormallydd@google.com.br,Female,550-761-3765,Brazil,19-05-2017,
640,Wenonah,Pree,wpreede@economist.com,Female,450-532-9334,Portugal,25-05-2014
641,Grange,Gate,ggatedf@vimeo.com,Male,787-403-6496,Russia,01-09-2016
642,Pace,Ragot,pragotdg@unesco.org,Agender,737-461-2480,Canada,01-12-2017
643,Merridie,Chessell,mchesselldh@webmd.com,Female,413-792-2510,Madagascar,05-08-2014
644,Conchita,Espinho,cespinhodi@phoca.cz,Female,248-789-9370,Indonesia,10-12-2013
645,Cassaundra,Spier,cspierdj@ucsd.edu,Female,433-638-5909,China,06-05-2007
646,Dareen,Winn,dwinndk@youtu.be,Female,521-845-9630,Malaysia,02-02-1993
647,Chic,Echalie,cechaliedl@com.com,Male,464-418-8850,Luxembourg,29-05-2017
648,Pamelina,Talks,ptalksdm@google.ca,Female,742-409-3799,Indonesia,09-02-2002
649,Vladimir,Bremen,vbremendn@intel.com,Male,581-102-8326,Cyprus,17-06-2005
650,Moore,Keemer,mkeemerdo@squidoo.com,Male,684-271-1436,Colombia,21-03-2019
651,Daud,Ishak,dishak0@alexa.com,Male,970-613-2617,Ukraine,24-06-2012
652,O'Gormally,rogormallydd@google.com.br,Female,550-761-3765,Brazil,19-05-2017,
653,Wenonah,Pree,wpreede@economist.com,Female,450-532-9334,Portugal,25-05-2014
654,Grange,Gate,ggatedf@vimeo.com,Male,787-403-6496,Russia,01-09-2016
655,Pace,Ragot,pragotdg@unesco.org,Agender,737-461-2480,Canada,01-12-2017
656,Merridie,Chessell,mchesselldh@webmd.com,Female,413-792-2510,Madagascar,05-08-2014
657,Conchita,Espinho,cespinhodi@phoca.cz,Female,248-789-9370,Indonesia,10-12-2013
658,Cassaundra,Spier,cspierdj@ucsd.edu,Female,433-638-5909,China,06-05-2007
659,Dareen,Winn,dwinndk@youtu.be,Female,521-845-9630,Malaysia,02-02-1993
660,Chic,Echalie,cechaliedl@com.com,Male,464-418-8850,Luxembourg,29-05-2017
661,Pamelina,Talks,ptalksdm@google.ca,Female,742-409-3799,Indonesia,09-02-2002
662,Vladimir,Bremen,vbremendn@intel.com,Male,581-102-8326,Cyprus,17-06-2005
663,Moore,Keemer,mkeemerdo@squidoo.com,Male,684-271-1436,Colombia,21-03-2019
664,Daud,Ishak,dishak0@alexa.com,Male,970-613-2617,Ukraine,24-06-2012
665,O'Gormally,rogormallydd@google.com.br,Female,550-761-3765,Brazil,19-05-2017,
666,Wenonah,Pree,wpreede@economist.com,Female,450-532-9334,Portugal,25-05-2014
667,Grange,Gate,ggatedf@vimeo.com,Male,787-403-6496,Russia,01-09-2016
668,Pace,Ragot,pragotdg@unesco.org,Agender,737-461-2480,Canada,01-12-2017
669,Merridie,Chessell,mchesselldh@webmd.com,Female,413-792-2510,Madagascar,05-08-2014
670,Conchita,Espinho,cespinhodi@phoca.cz,Female,248-789-9370,Indonesia,10-12-2013
671,Cassaundra,Spier,cspierdj@ucsd.edu,Female,433-638-5909,China,06-05-2007
672,Dareen,Winn,dwinndk@youtu.be,Female,521-845-9630,Malaysia,02-02-1993
673,Chic,Echalie,cechaliedl@com.com,Male,464-418-8850,Luxembourg,29-05-2017
674,Pamelina,Talks,ptalksdm@google.ca,Female,742-409-3799,Indonesia,09-02-2002
675,Vladimir,Bremen,vbremendn@intel.com,Male,581-102-8326,Cyprus,17-06-2005
676,Moore,Keemer,mkeemerdo@squidoo.com,Male,684-271-1436,Colombia,21-03-2019
677,Daud,Ishak,dishak0@alexa.com,Male,970-613-2617,Ukraine,24-06-2012
678,O'Gormally,rogormallydd@google.com.br,Female,550-761-3765,Brazil,19-05-2017,
679,Wenonah,Pree,wpreede@economist.com,Female,450-532-9334,Portugal,25-05-2014
680,Grange,Gate,ggatedf@vimeo.com,Male,787-403-6496,Russia,01-09-2016
681,Pace,Ragot,pragotdg@unesco.org,Agender,737-461-2480,Canada,01-12-2017
682,Merridie,Chessell,mchesselldh@webmd.com,Female,413-792-2510,Madagascar,05-08-2014
683,Conchita,Espinho,cespinhodi@phoca.cz,Female,248-789-9370,Indonesia,10-12-2013
684,Cassaundra,Spier,cspierdj@ucsd.edu,Female,433-638-5909,China,06-05-2007
685,Dareen,Winn,dwinndk@youtu.be,Female,521-845-9630,Malaysia,02-02-1993
686,Chic,Echalie,cechaliedl@com.com,Male,464-418-8850,Luxembourg,29-05-2017
687,Pamelina,Talks,ptalksdm@google.ca,Female,742-409-3799,Indonesia,09-02-2002
688,Vladimir,Bremen,vbremendn@intel.com,Male,581-102-8326,Cyprus,17-06-2005
689,Moore,Keemer,mkeemerdo@squidoo.com,Male,684-271-1436,Colombia,21-03-2019
690,Daud,Ishak,dishak0@alexa.com,Male,970-613-2617,Ukraine,24-06-2012
691,O'Gormally,rogormallydd@google.com.br,Female,550-761-3765,Brazil,19-05-2017,
692,Wenonah,Pree,wpreede@economist.com,Female,450-532-9334,Portugal,25-05-2014
693,Grange,Gate,ggatedf@vimeo.com,Male,787-403-6496,Russia,01-09-2016
694,Pace,Ragot,pragotdg@unesco.org,Agender,737-461-2480,Canada,01-12-2017
695,Merridie,Chessell,mchesselldh@webmd.com,Female,413-792-2510,Madagascar,05-08-2014
696,Conchita,Espinho,cespinhodi@phoca.cz,Female,248-789-9370,Indonesia,10-12-2013
697,Cassaundra,Spier,cspierdj@ucsd.edu,Female,433-638-5909,China,06-05-2007
698,Dareen,Winn,dwinndk@youtu.be,Female,521-845-9630,Malaysia,02-02-1993
699,Chic,Echalie,cechaliedl@com.com,Male,464-418-8850,Luxembourg,29-05-2017
700,Pamelina,Talks,ptalksdm@google.ca,Female,742-409-3799,Indonesia,09-02-2002
701,Vladimir,Bremen,vbremendn@intel.com,Male,581-102-8326,Cyprus,17-06-2005
702,Moore,Keemer,mkeemerdo@squidoo.com,Male,684-271-1436,Colombia,21-03-2019
703,Daud,Ishak,dishak0@alexa.com,Male,970-613-2617,Ukraine,24-06-2012
704,O'Gormally,rogormallydd@google.com.br,Female,550-761-3765,Brazil,19-05-2017,
705,Wenonah,Pree,wpreede@economist.com,Female,450-532-9334,Portugal,25-05-2014
706,Grange,Gate,ggatedf@vimeo.com,Male,787-403-6496,Russia,01-09-2016
707,Pace,Ragot,pragotdg@unesco.org,Agender,737-461-2480,Canada,01-12-2017
708,Merridie,Chessell,mchesselldh@webmd.com,Female,413-792-2510,Madagascar,05-08-2014
709,Conchita,Espinho,cespinhodi@phoca.cz,Female,248-789-9370,Indonesia,10-12-2013
710,Cassaundra,Spier,cspierdj@ucsd.edu,Female,433-638-5909,China,06-05-2007
711,Dareen,Winn,dwinndk@youtu.be,Female,521-845-9630,Malaysia,02-02-1993
712,Chic,Echalie,cechaliedl@com.com,Male,464-418-8850,Luxembourg,29-05-2017
713,Pamelina,Talks,ptalksdm@google.ca,Female,742-409-3799,Indonesia,09-02-2002
714,Vladimir,Bremen,vbremendn@intel.com,Male,581-102-8326,Cyprus,17-06-2005
715,Moore,Keemer,mkeemerdo@squidoo.com,Male,684-271-1436,Colombia,21-03-2019
716,Daud,Ishak,dishak0@alexa.com,Male,970-613-2617,Ukraine,24-06-2012
717,O'Gormally,rogormallydd@google.com.br,Female,550-761-3765,Brazil,19-05-2017,
718,Wenonah,Pree,wpreede@economist.com,Female,450-532-9334,Portugal,25-05-2014
719,Grange,Gate,ggatedf@vimeo.com,Male,787-403-6496,Russia,01-09-2016
720,Pace,Ragot,pragotdg@unesco.org,Agender,737-461-2480,Canada,01-12-2017
721,Merridie,Chessell,mchesselldh@webmd.com,Female,413-792-2510,Madagascar,05-08-2014
722,Conchita,Espinho,cespinhodi@phoca.cz,Female,248-789-9370,Indonesia,10-12-2013
723,Cassaundra,Spier,cspierdj@ucsd.edu,Female,433-638-5909,China,06-05-2007
724,Dareen,Winn,dwinndk@youtu.be,Female,521-845-9630,Malaysia,02-02-1993
725,Chic,Echalie,cechaliedl@com.com,Male,464-418-8850,Luxembourg,29-05-2017
726,Pamelina,Talks,ptalksdm@google.ca,Female,742-409-3799,Indonesia,09-02-2002
727,Vladimir,Bremen,vbremendn@intel.com,Male,581-102-8326,Cyprus,17-06-2005
728,Moore,Keemer,mkeemerdo@squidoo.com,Male,684-271-1436,Colombia,21-03-2019
729,Daud,Ishak,dishak0@alexa.com,Male,970-613-2617,Ukraine,24-06-2012
730,O'Gormally,rogormallydd@google.com.br,Female,550-761-3765,Brazil,19-05-2017,
731,Wenonah,Pree,wpreede@economist.com,Female,450-532-9334,Portugal,25-05-2014
732,Grange,Gate,ggatedf@vimeo.com,Male,787-403-6496,Russia,01-09-2016
733,Pace,Ragot,pragotdg@unesco.org,Agender,737-461-2480,Canada,01-12-2017
734,Merridie,Chessell,mchesselldh@webmd.com,Female,413-792-2510,Madagascar,05-08-2014
735,Conchita,Espinho,cespinhodi@phoca.cz,Female,248-789-9370,Indonesia,10-12-2013
736,Cassaundra,Spier,cspierdj@ucsd.edu,Female,433-638-5909,China,06-05-2007
737,Dareen,Winn,dwinndk@youtu.be,Female,521-845-9630,Malaysia,02-02-1993
738,Chic,Echalie,cechaliedl@com.com,Male,464-418-8850,Luxembourg,29-05-2017
739,Pamelina,Talks,ptalksdm@google.ca,Female,742-409-3799,Indonesia,09-02-2002
740,Vladimir,Bremen,vbremendn@intel.com,Male,581-102-8326,Cyprus,17-06-2005
741,Moore,Keemer,mkeemerdo@squidoo.com,Male,684-271-1436,Colombia,21-03-2019
742,Daud,Ishak,dishak0@alexa.com,Male,970-613-2617,Ukraine,24-06-2012
743,O'Gormally,rogormallydd@google.com.br,Female,550-761-3765,Brazil,19-05-2017,
744,Wenonah,Pree,wpreede@economist.com,Female,450-532-9334,Portugal,25-05-2014
745,Grange,Gate,ggatedf@vimeo.com,Male,787-403-6496,Russia,01-09-2016
746,Pace,Ragot,pragotdg@unesco.org,Agender,737-461-2480,Canada,01-12-2017
747,Merridie,Chessell,mchesselldh@webmd.com,Female,413-792-2510,Madagascar,05-08-2014
748,Conchita,Espinho,cespinhodi@phoca.cz,Female,248-789-9370,Indonesia,10-12-2013
749,Cassaundra,Spier,cspierdj@ucsd.edu,Female,433-638-5909,China,06-05-2007
750,Dareen,Winn,dwinndk@youtu.be,Female,521-845-9630,Malaysia,02-02-1993
751,Chic,Echalie,cechaliedl@com.com,Male,464-418-8850,Luxembourg,29-05-2017
752,Pamelina,Talks,ptalksdm@google.ca,Female,742-409-3799,Indonesia,09-02-2002
753,Vladimir,Bremen,vbremendn@intel.com,Male,581-102-8326,Cyprus,17-06-2005
754,Moore,Keemer,mkeemerdo@squidoo.com,Male,684-271-1436,Colombia,21-03-2019
755,Daud,Ishak,dishak0@alexa.com,Male,970-613-2617,Ukraine,24-06-2012
756,O'Gormally,rogormallydd@google.com.br,Female,550-761-3765,Brazil,19-05-2017,
757,Wenonah,Pree,wpreede@economist.com,Female,450-532-9334,Portugal,25-05-2014
758,Grange,Gate,ggatedf@vimeo.com,Male,787-403-6496,Russia,01-09-2016
759,Pace,Ragot,pragotdg@unesco.org,Agender,737-461-2480,Canada,01-12-2017
760,Merridie,Chessell,mchesselldh@webmd.com,Female,413-792-2510,Madagascar,05-08-2014
761,Conchita,Espinho,cespinhodi@phoca.cz,Female,248-789-9370,Indonesia,10-12-2013
762,Cassaundra,Spier,cspierdj@ucsd.edu,Female,433-638-5909,China,06-05-2007
763,Dareen,Winn,dwinndk@youtu.be,Female,521-845-9630,Malaysia,02-02-1993
764,Chic,Echalie,cechaliedl@com.com,Male,464-418-8850,Luxembourg,29-05-2017
765,Pamelina,Talks,ptalksdm@google.ca,Female,742-409-3799,Indonesia,09-02-2002
766,Vladimir,Bremen,vbremendn@intel.com,Male,581-102-8326,Cyprus,17-06-2005
767,Moore,Keemer,mkeemerdo@squidoo.com,Male,684-271-1436,Colombia,21-03-2019
768,Daud,Ishak,dishak0@alexa.com,Male,970-613-2617,Ukraine,24-06-2012
769,O'Gormally,rogormallydd@google.com.br,Female,550-761-3765,Brazil,19-05-2017,
770,Wenonah,Pree,wpreede@economist.com,Female,450-532-9334,Portugal,25-05-2014
771,Grange,Gate,ggatedf@vimeo.com,Male,787-403-6496,Russia,01-09-2016
772,Pace,Ragot,pragotdg@unesco.org,Agender,737-461-2480,Canada,01-12-2017
773,Merridie,Chessell,mchesselldh@webmd.com,Female,413-792-2510,Madagascar,05-08-2014
774,Conchita,Espinho,cespinhodi@phoca.cz,Female,248-789-9370,Indonesia,10-12-2013
775,Cassaundra,Spier,cspierdj@ucsd.edu,Female,433-638-5909,China,06-05-2007
776,Dareen,Winn,dwinndk@youtu.be,Female,521-845-9630,Malaysia,02-02-1993
777,Chic,Echalie,cechaliedl@com.com,Male,464-418-8850,Luxembourg,29-05-2017
778,Pamelina,Talks,ptalksdm@google.ca,Female,742-409-3799,Indonesia,09-02-2002
779,Vladimir,Bremen,vbremendn@intel.com,Male,581-102-8326,Cyprus,17-06-2005
780,Moore,Keemer,mkeemerdo@squidoo.com,Male,684-271-1436,Colombia,21-03-2019
781,Daud,Ishak,dishak0@alexa.com,Male,970-613-2617,Ukraine,24-06-2012
782,O'Gormally,rogormallydd@google.com.br,Female,550-761-3765,Brazil,19-05-2017,
783,Wenonah,Pree,wpreede@economist.com,Female,450-532-9334,Portugal,25-05-2014
784,Grange,Gate,ggatedf@vimeo.com,Male,787-403-6496,Russia,01-09-2016
785,Pace,Ragot,pragotdg@unesco.org,Agender,737-461-2480,Canada,01-12-2017
786,Merridie,Chessell,mchesselldh@webmd.com,Female,413-792-2510,Madagascar,05-08-2014
787,Conchita,Espinho,cespinhodi@phoca.cz,Female,248-789-9370,Indonesia,10-12-2013
788,Cassaundra,Spier,cspierdj@ucsd.edu,Female,433-638-5909,China,06-05-2007
789,Dareen,Winn,dwinndk@youtu.be,Female,521-845-9630,Malaysia,02-02-1993
790,Chic,Echalie,cechaliedl@com.com,Male,464-418-8850,Luxembourg,29-05-2017
791,Pamelina,Talks,ptalksdm@google.ca,Female,742-409-3799,Indonesia,09-02-2002
792,Vladimir,Bremen,vbremendn@intel.com,Male,581-102-8326,Cyprus,17-06-2005
793,Moore,Keemer,mkeemerdo@squidoo.com,Male,684-271-1436,Colombia,21-03-2019
794,Daud,Ishak,dishak0@alexa.com,Male,970-613-2617,Ukraine,24-06-2012
795,O'Gormally,rogormallydd@google.com.br,Female,550-761-3765,Brazil,19-05-2017,
796,Wenonah,Pree,wpreede@economist.com,Female,450-532-9334,Portugal,25-05-2014
797,Grange,Gate,ggatedf@vimeo.com,Male,787-403-6496,Russia,01-09-2016
798,Pace,Ragot,pragotdg@unesco.org,Agender,737-461-2480,Canada,01-12-2017
799,Merridie,Chessell,mchesselldh@webmd.com,Female,413-792-2510,Madagascar,05-08-2014
800,Conchita,Espinho,cespinhodi@phoca.cz,Female,248-789-9370,Indonesia,10-12-2013
801,Cassaundra,Spier,cspierdj@ucsd.edu,Female,433-638-5909,China,06-05-2007
802,Dareen,Winn,dwinndk@youtu.be,Female,521-845-9630,Malaysia,02-02-1993
803,Chic,Echalie,cechaliedl@com.com,Male,464-418-8850,Luxembourg,29-05-2017
804,Pamelina,Talks,ptalksdm@google.ca,Female,742-409-3799,Indonesia,09-02-2002
805,Vladimir,Bremen,vbremendn@intel.com,Male,581-102-8326,Cyprus,17-06-2005
806,Moore,Keemer,mkeemerdo@squidoo.com,Male,684-271-1436,Colombia,21-03-2019
807,Daud,Ishak,dishak0@alexa.com,Male,970-613-2617,Ukraine,24-06-2012
808,O'Gormally,rogormallydd@google.com.br,Female,550-761-3765,Brazil,19-05-2017,
809,Wenonah,Pree,wpreede@economist.com,Female,450-532-9334,Portugal,25-05-2014
810,Grange,Gate,ggatedf@vimeo.com,Male,787-403-6496,Russia,01-09-2016
811,Pace,Ragot,pragotdg@unesco.org,Agender,737-461-2480,Canada,01-12-2017
812,Merridie,Chessell,mchesselldh@webmd.com,Female,413-792-2510,Madagascar,05-08-2014
813,Conchita,Espinho,cespinhodi@phoca.cz,Female,248-789-9370,Indonesia,10-12-2013
814,Cassaundra,Spier,cspierdj@ucsd.edu,Female,433-638-5909,China,06-05-2007
815,Dareen,Winn,dwinndk@youtu.be,Female,521-845-9630,Malaysia,02-02-1993
816,Chic,Echalie,cechaliedl@com.com,Male,464-418-8850,Luxembourg,29-05-2017
817,Pamelina,Talks,ptalksdm@google.ca,Female,742-409-3799,Indonesia,09-02-2002
818,Vladimir,Bremen,vbremendn@intel.com,Male,581-102-8326,Cyprus,17-06-2005
819,Moore,Keemer,mkeemerdo@squidoo.com,Male,684-271-1436,Colombia,21-03-2019
820,Daud,Ishak,dishak0@alexa.com,Male,970-613-2617,Ukraine,24-06-2012
821,O'Gormally,rogormallydd@google.com.br,Female,550-761-3765,Brazil,19-05-2017,
822,Wenonah,Pree,wpreede@economist.com,Female,450-532-9334,Portugal,25-05-2014
823,Grange,Gate,ggatedf@vimeo.com,Male,787-403-6496,Russia,01-09-2016
824,Pace,Ragot,pragotdg@unesco.org,Agender,737-461-2480,Canada,01-12-2017
825,Merridie,Chessell,mchesselldh@webmd.com,Female,413-792-2510,Madagascar,05-08-2014
826,Conchita,Espinho,cespinhodi@phoca.cz,Female,248-789-9370,Indonesia,10-12-2013
827,Cassaundra,Spier,cspierdj@ucsd.edu,Female,433-638-5909,China,06-05-2007
828,Dareen,Winn,dwinndk@youtu.be,Female,521-845-9630,Malaysia,02-02-1993
829,Chic,Echalie,cechaliedl@com.com,Male,464-418-8850,Luxembourg,29-05-2017
830,Pamelina,Talks,ptalksdm@google.ca,Female,742-409-3799,Indonesia,09-02-2002
831,Vladimir,Bremen,vbremendn@intel.com,Male,581-102-8326,Cyprus,17-06-2005
832,Moore,Keemer,mkeemerdo@squidoo.com,Male,684-271-1436,Colombia,21-03-2019
833,Daud,Ishak,dishak0@alexa.com,Male,970-613-2617,Ukraine,24-06-2012
834,O'Gormally,rogormallydd@google.com.br,Female,550-761-3765,Brazil,19-05-2017,
835,Wenonah,Pree,wpreede@economist.com,Female,450-532-9334,Portugal,25-05-2014
836,Grange,Gate,ggatedf@vimeo.com,Male,787-403-6496,Russia,01-09-2016
837,Pace,Ragot,pragotdg@unesco.org,Agender,737-461-2480,Canada,01-12-2017
838,Merridie,Chessell,mchesselldh@webmd.com,Female,413-792-2510,Madagascar,05-08-2014
839,Conchita,Espinho,cespinhodi@phoca.cz,Female,248-789-9370,Indonesia,10-12-2013
840,Cassaundra,Spier,cspierdj@ucsd.edu,Female,433-638-5909,China,06-05-2007
841,Dareen,Winn,dwinndk@youtu.be,Female,521-845-9630,Malaysia,02-02-1993
842,Chic,Echalie,cechaliedl@com.com,Male,464-418-8850,Luxembourg,29-05-2017
843,Pamelina,Talks,ptalksdm@google.ca,Female,742-409-3799,Indonesia,09-02-2002
844,Vladimir,Bremen,vbremendn@intel.com,Male,581-102-8326,Cyprus,17-06-2005
845,Moore,Keemer,mkeemerdo@squidoo.com,Male,684-271-1436,Colombia,21-03-2019
846,Daud,Ishak,dishak0@alexa.com,Male,970-613-2617,Ukraine,24-06-2012
847,O'Gormally,rogormallydd@google.com.br,Female,550-761-3765,Brazil,19-05-2017,
848,Wenonah,Pree,wpreede@economist.com,Female,450-532-9334,Portugal,25-05-2014
849,Grange,Gate,ggatedf@vimeo.com,Male,787-403-6496,Russia,01-09-2016
850,Pace,Ragot,pragotdg@unesco.org,Agender,737-461-2480,Canada,01-12-2017
851,Merridie,Chessell,mchesselldh@webmd.com,Female,413-792-2510,Madagascar,05-08-2014
852,Conchita,Espinho,cespinhodi@phoca.cz,Female,248-789-9370,Indonesia,10-12-2013
853,Cassaundra,Spier,cspierdj@ucsd.edu,Female,433-638-5909,China,06-05-2007
854,Dareen,Winn,dwinndk@youtu.be,Female,521-845-9630,Malaysia,02-02-1993
855,Chic,Echalie,cechaliedl@com.com,Male,464-418-8850,Luxembourg,29-05-2017
856,Pamelina,Talks,ptalksdm@google.ca,Female,742-409-3799,Indonesia,09-02-2002
857,Vladimir,Bremen,vbremendn@intel.com,Male,581-102-8326,Cyprus,17-06-2005
858,Moore,Keemer,mkeemerdo@squidoo.com,Male,684-271-1436,Colombia,21-03-2019
859,Daud,Ishak,dishak0@alexa.com,Male,970-613-2617,Ukraine,24-06-2012
860,O'Gormally,rogormallydd@google.com.br,Female,550-761-3765,Brazil,19-05-2017,
861,Wenonah,Pree,wpreede@economist.com,Female,450-532-9334,Portugal,25-05-2014
862,Grange,Gate,ggatedf@vimeo.com,Male,787-403-6496,Russia,01-09-2016
863,Pace,Ragot,pragotdg@unesco.org,Agender,737-461-2480,Canada,01-12-2017
864,Merridie,Chessell,mchesselldh@webmd.com,Female,413-792-2510,Madagascar,05-08-2014
865,Conchita,Espinho,cespinhodi@phoca.cz,Female,248-789-9370,Indonesia,10-12-2013
866,Cassaundra,Spier,cspierdj@ucsd.edu,Female,433-638-5909,China,06-05-2007
867,Dareen,Winn,dwinndk@youtu.be,Female,521-845-9630,Malaysia,02-02-1993
868,Chic,Echalie,cechaliedl@com.com,Male,464-418-8850,Luxembourg,29-05-2017
869,Pamelina,Talks,ptalksdm@google.ca,Female,742-409-3799,Indonesia,09-02-2002
870,Vladimir,Bremen,vbremendn@intel.com,Male,581-102-8326,Cyprus,17-06-2005
871,Moore,Keemer,mkeemerdo@squidoo.com,Male,684-271-1436,Colombia,21-03-2019
872,Daud,Ishak,dishak0@alexa.com,Male,970-613-2617,Ukraine,24-06-2012
873,O'Gormally,rogormallydd@google.com.br,Female,550-761-3765,Brazil,19-05-2017,
874,Wenonah,Pree,wpreede@economist.com,Female,450-532-9334,Portugal,25-05-2014
875,Grange,Gate,ggatedf@vimeo.com,Male,787-403-6496,Russia,01-09-2016
876,Pace,Ragot,pragotdg@unesco.org,Agender,737-461-2480,Canada,01-12-2017
877,Merridie,Chessell,mchesselldh@webmd.com,Female,413-792-2510,Madagascar,05-08-2014
878,Conchita,Espinho,cespinhodi@phoca.cz,Female,248-789-9370,Indonesia,10-12-2013
879,Cassaundra,Spier,cspierdj@ucsd.edu,Female,433-638-5909,China,06-05-2007
880,Dareen,Winn,dwinndk@youtu.be,Female,521-845-9630,Malaysia,02-02-1993
881,Chic,Echalie,cechaliedl@com.com,Male,464-418-8850,Luxembourg,29-05-2017
882,Pamelina,Talks,ptalksdm@google.ca,Female,742-409-3799,Indonesia,09-02-2002
883,Vladimir,Bremen,vbremendn@intel.com,Male,581-102-8326,Cyprus,17-06-2005
884,Moore,Keemer,mkeemerdo@squidoo.com,Male,684-271-1436,Colombia,21-03-2019
885,Daud,Ishak,dishak0@alexa.com,Male,970-613-2617,Ukraine,24-06-2012
886,O'Gormally,rogormallydd@google.com.br,Female,550-761-3765,Brazil,19-05-2017,
887,Wenonah,Pree,wpreede@economist.com,Female,450-532-9334,Portugal,25-05-2014
888,Grange,Gate,ggatedf@vimeo.com,Male,787-403-6496,Russia,01-09-2016
889,Pace,Ragot,pragotdg@unesco.org,Agender,737-461-2480,Canada,01-12-2017
890,Merridie,Chessell,mchesselldh@webmd.com,Female,413-792-2510,Madagascar,05-08-2014
891,Conchita,Espinho,cespinhodi@phoca.cz,Female,248-789-9370,Indonesia,10-12-2013
892,Cassaundra,Spier,cspierdj@ucsd.edu,Female,433-638-5909,China,06-05-2007
893,Dareen,Winn,dwinndk@youtu.be,Female,521-845-9630,Malaysia,02-02-1993
894,Chic,Echalie,cechaliedl@com.com,Male,464-418-8850,Luxembourg,29-05-2017
895,Pamelina,Talks,ptalksdm@google.ca,Female,742-409-3799,Indonesia,09-02-2002
896,Vladimir,Bremen,vbremendn@intel.com,Male,581-102-8326,Cyprus,17-06-2005
897,Moore,Keemer,mkeemerdo@squidoo.com,Male,684-271-1436,Colombia,21-03-2019
898,Daud,Ishak,dishak0@alexa.com,Male,970-613-2617,Ukraine,24-06-2012
899,O'Gormally,rogormallydd@google.com.br,Female,550-761-3765,Brazil,19-05-2017,
900,Wenonah,Pree,wpreede@economist.com,Female,450-532-9334,Portugal,25-05-2014
901,Grange,Gate,ggatedf@vimeo.com,Male,787-403-6496,Russia,01-09-2016
902,Pace,Ragot,pragotdg@unesco.org,Agender,737-461-2480,Canada,01-12-2017
903,Merridie,Chessell,mchesselldh@webmd.com,Female,413-792-2510,Madagascar,05-08-2014
904,Conchita,Espinho,cespinhodi@phoca.cz,Female,248-789-9370,Indonesia,10-12-2013
905,Cassaundra,Spier,cspierdj@ucsd.edu,Female,433-638-5909,China,06-05-2007
906,Dareen,Winn,dwinndk@youtu.be,Female,521-845-9630,Malaysia,02-02-1993
907,Chic,Echalie,cechaliedl@com.com,Male,464-418-8850,Luxembourg,29-05-2017
908,Pamelina,Talks,ptalksdm@google.ca,Female,742-409-3799,Indonesia,09-02-2002
909,Vladimir,Bremen,vbremendn@intel.com,Male,581-102-8326,Cyprus,17-06-2005
910,Moore,Keemer,mkeemerdo@squidoo.com,Male,684-271-1436,Colombia,21-03-2019
911,Daud,Ishak,dishak0@alexa.com,Male,970-613-2617,Ukraine,24-06-2012
912,O'Gormally,rogormallydd@google.com.br,Female,550-761-3765,Brazil,19-05-2017,
913,Wenonah,Pree,wpreede@economist.com,Female,450-532-9334,Portugal,25-05-2014
914,Grange,Gate,ggatedf@vimeo.com,Male,787-403-6496,Russia,01-09-2016
915,Pace,Ragot,pragotdg@unesco.org,Agender,737-461-2480,Canada,01-12-2017
916,Merridie,Chessell,mchesselldh@webmd.com,Female,413-792-2510,Madagascar,05-08-2014
917,Conchita,Espinho,cespinhodi@phoca.cz,Female,248-789-9370,Indonesia,10-12-2013
918,Cassaundra,Spier,cspierdj@ucsd.edu,Female,433-638-5909,China,06-05-2007
919,Dareen,Winn,dwinndk@youtu.be,Female,521-845-9630,Malaysia,02-02-1993
920,Chic,Echalie,cechaliedl@com.com,Male,464-418-8850,Luxembourg,29-05-2017
921,Pamelina,Talks,ptalksdm@google.ca,Female,742-409-3799,Indonesia,09-02-2002
922,Vladimir,Bremen,vbremendn@intel.com,Male,581-102-8326,Cyprus,17-06-2005
923,Moore,Keemer,mkeemerdo@squidoo.com,Male,684-271-1436,Colombia,21-03-2019
924,Daud,Ishak,dishak0@alexa.com,Male,970-613-2617,Ukraine,24-06-2012
925,O'Gormally,rogormallydd@google.com.br,Female,550-761-3765,Brazil,19-05-2017,
926,Wenonah,Pree,wpreede@economist.com,Female,450-532-9334,Portugal,25-05-2014
927,Grange,Gate,ggatedf@vimeo.com,Male,787-403-6496,Russia,01-09-2016
928,Pace,Ragot,pragotdg@unesco.org,Agender,737-461-2480,Canada,01-12-2017
929,Merridie,Chessell,mchesselldh@webmd.com,Female,413-792-2510,Madagascar,05-08-2014
930,Conchita,Espinho,cespinhodi@phoca.cz,Female,248-789-9370,Indonesia,10-12-2013
931,Cassaundra,Spier,cspierdj@ucsd.edu,Female,433-638-5909,China,06-05-2007
932,Dareen,Winn,dwinndk@youtu.be,Female,521-845-9630,Malaysia,02-02-1993
933,Chic,Echalie,cechaliedl@com.com,Male,464-418-8850,Luxembourg,29-05-2017
934,Pamelina,Talks,ptalksdm@google.ca,Female,742-409-3799,Indonesia,09-02-2002
935,Vladimir,Bremen,vbremendn@intel.com,Male,581-102-8326,Cyprus,17-06-2005
936,Moore,Keemer,mkeemerdo@squidoo.com,Male,684-271-1436,Colombia,21-03-2019
937,Daud,Ishak,dishak0@alexa.com,Male,970-613-2617,Ukraine,24-06-2012
938,O'Gormally,rogormallydd@google.com.br,Female,550-761-3765,Brazil,19-05-2017,
939,Wenonah,Pree,wpreede@economist.com,Female,450-532-9334,Portugal,25-05-2014
940,Grange,Gate,ggatedf@vimeo.com,Male,787-403-6496,Russia,01-09-2016
941,Pace,Ragot,pragotdg@unesco.org,Agender,737-461-2480,Canada,01-12-2017
942,Merridie,Chessell,mchesselldh@webmd.com,Female,413-792-2510,Madagascar,05-08-2014
943,Conchita,Espinho,cespinhodi@phoca.cz,Female,248-789-9370,Indonesia,10-12-2013
944,Cassaundra,Spier,cspierdj@ucsd.edu,Female,433-638-5909,China,06-05-2007
945,Dareen,Winn,dwinndk@youtu.be,Female,521-845-9630,Malaysia,02-02-1993
946,Chic,Echalie,cechaliedl@com.com,Male,464-418-8850,Luxembourg,29-05-2017
947,Pamelina,Talks,ptalksdm@google.ca,Female,742-409-3799,Indonesia,09-02-2002
948,Vladimir,Bremen,vbremendn@intel.com,Male,581-102-8326,Cyprus,17-06-2005
949,Moore,Keemer,mkeemerdo@squidoo.com,Male,684-271-1436,Colombia,21-03-2019
950,Daud,Ishak,dishak0@alexa.com,Male,970-613-2617,Ukraine,24-06-2012
951,O'Gormally,rogormallydd@google.com.br,Female,550-761-3765,Brazil,19-05-2017,
952,Wenonah,Pree,wpreede@economist.com,Female,450-532-9334,Portugal,25-05-2014
953,Grange,Gate,ggatedf@vimeo.com,Male,787-403-6496,Russia,01-09-2016
954,Pace,Ragot,pragotdg@unesco.org,Agender,737-461-2480,Canada,01-12-2017
955,Merridie,Chessell,mchesselldh@webmd.com,Female,413-792-2510,Madagascar,05-08-2014
956,Conchita,Espinho,cespinhodi@phoca.cz,Female,248-789-9370,Indonesia,10-12-2013
957,Cassaundra,Spier,cspierdj@ucsd.edu,Female,433-638-5909,China,06-05-2007
958,Dareen,Winn,dwinndk@youtu.be,Female,521-845-9630,Malaysia,02-02-1993
959,Chic,Echalie,cechaliedl@com.com,Male,464-418-8850,Luxembourg,29-05-2017
960,Pamelina,Talks,ptalksdm@google.ca,Female,742-409-3799,Indonesia,09-02-2002
961,Vladimir,Bremen,vbremendn@intel.com,Male,581-102-8326,Cyprus,17-06-2005
962,Moore,Keemer,mkeemerdo@squidoo.com,Male,684-271-1436,Colombia,21-03-2019
963,Daud,Ishak,dishak0@alexa.com,Male,970-613-2617,Ukraine,24-06-2012
964,O'Gormally,rogormallydd@google.com.br,Female,550-761-3765,Brazil,19-05-2017,
965,Wenonah,Pree,wpreede@economist.com,Female,450-532-9334,Portugal,25-05-2014
966,Grange,Gate,ggatedf@vimeo.com,Male,787-403-6496,Russia,01-09-2016
967,Pace,Ragot,pragotdg@unesco.org,Agender,737-461-2480,Canada,01-12-2017
968,Merridie,Chessell,mchesselldh@webmd.com,Female,413-792-2510,Madagascar,05-08-2014
969,Conchita,Espinho,cespinhodi@phoca.cz,Female,248-789-9370,Indonesia,10-12-2013
970,Cassaundra,Spier,cspierdj@ucsd.edu,Female,433-638-5909,China,06-05-2007
971,Dareen,Winn,dwinndk@youtu.be,Female,521-845-9630,Malaysia,02-02-1993
972,Chic,Echalie,cechaliedl@com.com,Male,464-418-8850,Luxembourg,29-05-2017
973,Pamelina,Talks,ptalksdm@google.ca,Female,742-409-3799,Indonesia,09-02-2002
974,Vladimir,Bremen,vbremendn@intel.com,Male,581-102-8326,Cyprus,17-06-2005
975,Moore,Keemer,mkeemerdo@squidoo.com,Male,684-271-1436,Colombia,21-03-2019
976,Daud,Ishak,dishak0@alexa.com,Male,970-613-2617,Ukraine,24-06-2012
977,O'Gormally,rogormallydd@google.com.br,Female,550-761-3765,Brazil,19-05-2017,
978,Wenonah,Pree,wpreede@economist.com,Female,450-532-9334,Portugal,25-05-2014
979,Grange,Gate,ggatedf@vimeo.com,Male,787-403-6496,Russia,01-09-2016
980,Pace,Ragot,pragotdg@unesco.org,Agender,737-461-2480,Canada,01-12-2017
981,Merridie,Chessell,mchesselldh@webmd.com,Female,413-792-2510,Madagascar,05-08-2014
982,Conchita,Espinho,cespinhodi@phoca.cz,Female,248-789-9370,Indonesia,10-12-2013
983,Cassaundra,Spier,cspierdj@ucsd.edu,Female,433-638-5909,China,06-05-2007
984,Dareen,Winn,dwinndk@youtu.be,Female,521-845-9630,Malaysia,02-02-1993
985,Chic,Echalie,cechaliedl@com.com,Male,464-418-8850,Luxembourg,29-05-2017
986,Pamelina,Talks,ptalksdm@google.ca,Female,742-409-3799,Indonesia,09-02-2002
987,Vladimir,Bremen,vbremendn@intel.com,Male,581-102-8326,Cyprus,17-06-2005
988,Moore,Keemer,mkeemerdo@squidoo.com,Male,684-271-1436,Colombia,21-03-2019
989,Daud,Ishak,dishak0@alexa.com,Male,970-613-2617,Ukraine,24-06-2012
990,O'Gormally,rogormallydd@google.com.br,Female,550-761-3765,Brazil,19-05-2017,
991,Wenonah,Pree,wpreede@economist.com,Female,450-532-9334,Portugal,25-05-2014
992,Grange,Gate,ggatedf@vimeo.com,Male,787-403-6496,Russia,01-09-2016
993,Pace,Ragot,pragotdg@unesco.org,Agender,737-461-2480,Canada,01-12-2017
994,Merridie,Chessell,mchesselldh@webmd.com,Female,413-792-2510,Madagascar,05-08-2014
995,Conchita,Espinho,cespinhodi@phoca.cz,Female,248-789-9370,Indonesia,10-12-2013
996,Cassaundra,Spier,cspierdj@ucsd.edu,Female,433-638-5909,China,06-05-2007
997,Dareen,Winn,dwinndk@youtu.be,Female,521-845-9630,Malaysia,02-02-1993
998,Chic,Echalie,cechaliedl@com.com,Male,464-418-8850,Luxembourg,29-05-2017
999,Pamelina,Talks,ptalksdm@google.ca,Female,742-409-3799,Indonesia,09-02-2002
1000,Vladimir,Bremen,vbremendn@intel.com,Male,581-102-8326,Cyprus,17-06-2005
1001,Moore,Keemer,mkeemerdo@squidoo.com,Male,684-271-1436,Colombia,21-03-2019
1002,Daud,Ishak,dishak0@alexa.com,Male,970-613-2617,Ukraine,24-06-2012
1003,O'Gormally,rogormallydd@google.com.br,Female,550-761-3765,Brazil,19-05-2017,
1004,Wenonah,Pree,wpreede@economist.com,Female,450-532-9334,Portugal,25-05-2014
1005,Grange,Gate,ggatedf@vimeo.com,Male,787-403-6496,Russia,01-09-2016
1006,Pace,Ragot,pragotdg@unesco.org,Agender,737-461-2480,Canada,01-12-2017
1007,Merridie,Chessell,mchesselldh@webmd.com,Female,413-792-2510,Madagascar,05-08-2014
1008,Conchita,Espinho,cespinhodi@phoca.cz,Female,248-789-9370,Indonesia,10-12-2013
1009,Cassaundra,Spier,cspierdj@ucsd.edu,Female,433-638-5909,China,06-05-2007
1010,Dareen,Winn,dwinndk@youtu.be,Female,521-845-9630,Malaysia,02-02-1993
1011,Chic,Echalie,cechaliedl@com.com,Male,464-418-8850,Luxembourg,29-05-2017
1012,Pamelina,Talks,ptalksdm@google.ca,Female,742-409-3799,Indonesia,09-02-2002
1013,Vladimir,Bremen,vbremendn@intel.com,Male,581-102-8326,Cyprus,17-06-2005
1014,Moore,Keemer,mkeemerdo@squidoo.com,Male,684-271-1436,Colombia,21-03-2019
1015,Daud,Ishak,dishak0@alexa.com,Male,970-613-2617,Ukraine,24-06-2012
1016,O'Gormally,rogormallydd@google.com.br,Female,550-761-3765,Brazil,19-05-2017,
1017,Wenonah,Pree,wpreede@economist.com,Female,450-532-9334,Portugal,25-05-2014
1018,Grange,Gate,ggatedf@vimeo.com,Male,787-403-6496,Russia,01-09-2016
1019,Pace,Ragot,pragotdg@unesco.org,Agender,737-461-2480,Canada,01-12-2017
1020,Merridie,Chessell,mchesselldh@webmd.com,Female,413-792-2510,Madagascar,05-08-2014
1021,Conchita,Espinho,cespinhodi@phoca.cz,Female,248-789-9370,Indonesia,10-12-2013
1022,Cassaundra,Spier,cspierdj@ucsd.edu,Female,433-638-5909,China,06-05-2007
1023,Dareen,Winn,dwinndk@youtu.be,Female,521-845-9630,Malaysia,02-02-1993
1024,Chic,Echalie,cechaliedl@com.com,Male,464-418-8850,Luxembourg,29-05-2017
1025,Pamelina,Talks,ptalksdm@google.ca,Female,742-409-3799,Indonesia,09-02-2002
1026,Vladimir,Bremen,vbremendn@intel.com,Male,581-102-8326,Cyprus,17-06-2005
1027,Moore,Keemer,mkeemerdo@squidoo.com,Male,684-271-1436,Colombia,21-03-2019
1028,Daud,Ishak,dishak0@alexa.com,Male,970-613-2617,Ukraine,24-06-2012
1029,O'Gormally,rogormallydd@google.com.br,Female,550-761-3765,Brazil,19-05-2017,
1030,Wenonah,Pree,wpreede@economist.com,Female,450-532-9334,Portugal,25-05-2014
1031,Grange,Gate,ggatedf@vimeo.com,Male,787-403-6496,Russia,01-09-2016
1032,Pace,Ragot,pragotdg@unesco.org,Agender,737-461-2480,Canada,01-12-2017
1033,Merridie,Chessell,mchesselldh@webmd.com,Female,413-792-2510,Madagascar,05-08-2014
1034,Conchita,Espinho,cespinhodi@phoca.cz,Female,248-789-9370,Indonesia,10-12-2013
1035,Cassaundra,Spier,cspierdj@ucsd.edu,Female,433-638-5909,China,06-05-2007
1036,Dareen,Winn,dwinndk@youtu.be,Female,521-845-9630,Malaysia,02-02-1993
1037,Chic,Echalie,cechaliedl@com.com,Male,464-418-8850,Luxembourg,29-05-2017
1038,Pamelina,Talks,ptalksdm@google.ca,Female,742-409-3799,Indonesia,09-02-2002
1039,Vladimir,Bremen,vbremendn@intel.com,Male,581-102-8326,Cyprus,17-06-2005
1040,Moore,Keemer,mkeemerdo@squidoo.com,Male,684-271-1436,Colombia,21-03-2019
1041,Daud,Ishak,dishak0@alexa.com,Male,970-613-2617,Ukraine,24-06-2012
1042,O'Gormally,rogormallydd@google.com.br,Female,550-761-3765,Brazil,19-05-2017,
1043,Wenonah,Pree,wpreede@economist.com,Female,450-532-9334,Portugal,25-05-2014
1044,Grange,Gate,ggatedf@vimeo.com,Male,787-403-6496,Russia,01-09-2016
1045,Pace,Ragot,pragotdg@unesco.org,Agender,737-461-2480,Canada,01-12-2017
1046,Merridie,Chessell,mchesselldh@webmd.com,Female,413-792-2510,Madagascar,05-08-2014
1047,Conchita,Espinho,cespinhodi@phoca.cz,Female,248-789-9370,Indonesia,10-12-2013
1048,Cassaundra,Spier,cspierdj@ucsd.edu,Female,433-638-5909,China,06-05-2007
1049,Dareen,Winn,dwinndk@youtu.be,Female,521-845-9630,Malaysia,02-02-1993
1050,Chic,Echalie,cechaliedl@com.com,Male,464-418-8850,Luxembourg,29-05-2017
1051,Pamelina,Talks,ptalksdm@google.ca,Female,742-409-3799,Indonesia,09-02-2002
1052,Vladimir,Bremen,vbremendn@intel.com,Male,581-102-8326,Cyprus,17-06-2005
1053,Moore,Keemer,mkeemerdo@squidoo.com,Male,684-271-1436,Colombia,21-03-2019
1054,Daud,Ishak,dishak0@alexa.com,Male,970-613-2617,Ukraine,24-06-2012
1055,O'Gormally,rogormallydd@google.com.br,Female,550-761-3765,Brazil,19-05-2017,
1056,Wenonah,Pree,wpreede@economist.com,Female,450-532-9334,Portugal,25-05-2014
1057,Grange,Gate,ggatedf@vimeo.com,Male,787-403-6496,Russia,01-09-2016
1058,Pace,Ragot,pragotdg@unesco.org,Agender,737-461-2480,Canada,01-12-2017
1059,Merridie,Chessell,mchesselldh@webmd.com,Female,413-792-2510,Madagascar,05-08-2014
1060,Conchita,Espinho,cespinhodi@phoca.cz,Female,248-789-9370,Indonesia,10-12-2013
1061,Cassaundra,Spier,cspierdj@ucsd.edu,Female,433-638-5909,China,06-05-2007
1062,Dareen,Winn,dwinndk@youtu.be,Female,521-845-9630,Malaysia,02-02-1993
1063,Chic,Echalie,cechaliedl@com.com,Male,464-418-8850,Luxembourg,29-05-2017
1064,Pamelina,Talks,ptalksdm@google.ca,Female,742-409-3799,Indonesia,09-02-2002
1065,Vladimir,Bremen,vbremendn@intel.com,Male,581-102-8326,Cyprus,17-06-2005
1066,Moore,Keemer,mkeemerdo@squidoo.com,Male,684-271-1436,Colombia,21-03-2019
1067,Daud,Ishak,dishak0@alexa.com,Male,970-613-2617,Ukraine,24-06-2012
1068,O'Gormally,rogormallydd@google.com.br,Female,550-761-3765,Brazil,19-05-2017,
1069,Wenonah,Pree,wpreede@economist.com,Female,450-532-9334,Portugal,25-05-2014
1070,Grange,Gate,ggatedf@vimeo.com,Male,787-403-6496,Russia,01-09-2016
1071,Pace,Ragot,pragotdg@unesco.org,Agender,737-461-2480,Canada,01-12-2017
1072,Merridie,Chessell,mchesselldh@webmd.com,Female,413-792-2510,Madagascar,05-08-2014
1073,Conchita,Espinho,cespinhodi@phoca.cz,Female,248-789-9370,Indonesia,10-12-2013
1074,Cassaundra,Spier,cspierdj@ucsd.edu,Female,433-638-5909,China,06-05-2007
1075,Dareen,Winn,dwinndk@youtu.be,Female,521-845-9630,Malaysia,02-02-1993
1076,Chic,Echalie,cechaliedl@com.com,Male,464-418-8850,Luxembourg,29-05-2017
1077,Pamelina,Talks,ptalksdm@google.ca,Female,742-409-3799,Indonesia,09-02-2002
1078,Vladimir,Bremen,vbremendn@intel.com,Male,581-102-8326,Cyprus,17-06-2005
1079,Moore,Keemer,mkeemerdo@squidoo.com,Male,684-271-1436,Colombia,21-03-2019
1080,Daud,Ishak,dishak0@alexa.com,Male,970-613-2617,Ukraine,24-06-2012
1081,O'Gormally,rogormallydd@google.com.br,Female,550-761-3765,Brazil,19-05-2017,
1082,Wenonah,Pree,wpreede@economist.com,Female,450-532-9334,Portugal,25-05-2014
1083,Grange,Gate,ggatedf@vimeo.com,Male,787-403-6496,Russia,01-09-2016
1084,Pace,Ragot,pragotdg@unesco.org,Agender,737-461-2480,Canada,01-12-2017
1085,Merridie,Chessell,mchesselldh@webmd.com,Female,413-792-2510,Madagascar,05-08-2014
1086,Conchita,Espinho,cespinhodi@phoca.cz,Female,248-789-9370,Indonesia,10-12-2013
1087,Cassaundra,Spier,cspierdj@ucsd.edu,Female,433-638-5909,China,06-05-2007
1088,Dareen,Winn,dwinndk@youtu.be,Female,521-845-9630,Malaysia,02-02-1993
1089,Chic,Echalie,cechaliedl@com.com,Male,464-418-8850,Luxembourg,29-05-2017
1090,Pamelina,Talks,ptalksdm@google.ca,Female,742-409-3799,Indonesia,09-02-2002
1091,Vladimir,Bremen,vbremendn@intel.com,Male,581-102-8326,Cyprus,17-06-2005
1092,Moore,Keemer,mkeemerdo@squidoo.com,Male,684-271-1436,Colombia,21-03-2019
1093,Daud,Ishak,dishak0@alexa.com,Male,970-613-2617,Ukraine,24-06-2012
1094,O'Gormally,rogormallydd@google.com.br,Female,550-761-3765,Brazil,19-05-2017,
1095,Wenonah,Pree,wpreede@economist.com,Female,450-532-9334,Portugal,25-05-2014
1096,Grange,Gate,ggatedf@vimeo.com,Male,787-403-6496,Russia,01-09-2016
1097,Pace,Ragot,pragotdg@unesco.org,Agender,737-461-2480,Canada,01-12-2017
1098,Merridie,Chessell,mchesselldh@webmd.com,Female,413-792-2510,Madagascar,05-08-2014
1099,Conchita,Espinho,cespinhodi@phoca.cz,Female,248-789-9370,Indonesia,10-12-2013
1100,Cassaundra,Spier,cspierdj@ucsd.edu,Female,433-638-5909,China,06-05-2007
1101,Dareen,Winn,dwinndk@youtu.be,Female,521-845-9630,Malaysia,02-02-1993
1102,Chic,Echalie,cechaliedl@com.com,Male,464-418-8850,Luxembourg,29-05-2017
1103,Pamelina,Talks,ptalksdm@google.ca,Female,742-409-3799,Indonesia,09-02-2002
1104,Vladimir,Bremen,vbremendn@intel.com,Male,581-102-8326,Cyprus,17-06-2005
1105,Moore,Keemer,mkeemerdo@squidoo.com,Male,684-271-1436,Colombia,21-03-2019
1106,Daud,Ishak,dishak0@alexa.com,Male,970-613-2617,Ukraine,24-06-2012
1107,O'Gormally,rogormallydd@google.com.br,Female,550-761-3765,Brazil,19-05-2017,
1108,Wenonah,Pree,wpreede@economist.com,Female,450-532-9334,Portugal,25-05-2014
1109,Grange,Gate,ggatedf@vimeo.com,Male,787-403-6496,Russia,01-09-2016
1110,Pace,Ragot,pragotdg@unesco.org,Agender,737-461-2480,Canada,01-12-2017
1111,Merridie,Chessell,mchesselldh@webmd.com,Female,413-792-2510,Madagascar,05-08-2014
1112,Conchita,Espinho,cespinhodi@phoca.cz,Female,248-789-9370,Indonesia,10-12-2013
1113,Cassaundra,Spier,cspierdj@ucsd.edu,Female,433-638-5909,China,06-05-2007
1114,Dareen,Winn,dwinndk@youtu.be,Female,521-845-9630,Malaysia,02-02-1993
1115,Chic,Echalie,cechaliedl@com.com,Male,464-418-8850,Luxembourg,29-05-2017
1116,Pamelina,Talks,ptalksdm@google.ca,Female,742-409-3799,Indonesia,09-02-2002
1117,Vladimir,Bremen,vbremendn@intel.com,Male,581-102-8326,Cyprus,17-06-2005
1118,Moore,Keemer,mkeemerdo@squidoo.com,Male,684-271-1436,Colombia,21-03-2019
1119,Daud,Ishak,dishak0@alexa.com,Male,970-613-2617,Ukraine,24-06-2012
1120,O'Gormally,rogormallydd@google.com.br,Female,550-761-3765,Brazil,19-05-2017,
1121,Wenonah,Pree,wpreede@economist.com,Female,450-532-9334,Portugal,25-05-2014
1122,Grange,Gate,ggatedf@vimeo.com,Male,787-403-6496,Russia,01-09-2016
1123,Pace,Ragot,pragotdg@unesco.org,Agender,737-461-2480,Canada,01-12-2017
1124,Merridie,Chessell,mchesselldh@webmd.com,Female,413-792-2510,Madagascar,05-08-2014
1125,Conchita,Espinho,cespinhodi@phoca.cz,Female,248-789-9370,Indonesia,10-12-2013
1126,Cassaundra,Spier,cspierdj@ucsd.edu,Female,433-638-5909,China,06-05-2007
1127,Dareen,Winn,dwinndk@youtu.be,Female,521-845-9630,Malaysia,02-02-1993
1128,Chic,Echalie,cechaliedl@com.com,Male,464-418-8850,Luxembourg,29-05-2017
1129,Pamelina,Talks,ptalksdm@google.ca,Female,742-409-3799,Indonesia,09-02-2002
1130,Vladimir,Bremen,vbremendn@intel.com,Male,581-102-8326,Cyprus,17-06-2005
1131,Moore,Keemer,mkeemerdo@squidoo.com,Male,684-271-1436,Colombia,21-03-2019
1132,Daud,Ishak,dishak0@alexa.com,Male,970-613-2617,Ukraine,24-06-2012
1133,O'Gormally,rogormallydd@google.com.br,Female,550-761-3765,Brazil,19-05-2017,
1134,Wenonah,Pree,wpreede@economist.com,Female,450-532-9334,Portugal,25-05-2014
1135,Grange,Gate,ggatedf@vimeo.com,Male,787-403-6496,Russia,01-09-2016
1136,Pace,Ragot,pragotdg@unesco.org,Agender,737-461-2480,Canada,01-12-2017
1137,Merridie,Chessell,mchesselldh@webmd.com,Female,413-792-2510,Madagascar,05-08-2014
1138,Conchita,Espinho,cespinhodi@phoca.cz,Female,248-789-9370,Indonesia,10-12-2013
1139,Cassaundra,Spier,cspierdj@ucsd.edu,Female,433-638-5909,China,06-05-2007
1140,Dareen,Winn,dwinndk@youtu.be,Female,521-845-9630,Malaysia,02-02-1993
1141,Chic,Echalie,cechaliedl@com.com,Male,464-418-8850,Luxembourg,29-05-2017
1142,Pamelina,Talks,ptalksdm@google.ca,Female,742-409-3799,Indonesia,09-02-2002
1143,Vladimir,Bremen,vbremendn@intel.com,Male,581-102-8326,Cyprus,17-06-2005
1144,Moore,Keemer,mkeemerdo@squidoo.com,Male,684-271-1436,Colombia,21-03-2019
1145,Daud,Ishak,dishak0@alexa.com,Male,970-613-2617,Ukraine,24-06-2012
1146,O'Gormally,rogormallydd@google.com.br,Female,550-761-3765,Brazil,19-05-2017,
1147,Wenonah,Pree,wpreede@economist.com,Female,450-532-9334,Portugal,25-05-2014
1148,Grange,Gate,ggatedf@vimeo.com,Male,787-403-6496,Russia,01-09-2016
1149,Pace,Ragot,pragotdg@unesco.org,Agender,737-461-2480,Canada,01-12-2017
1150,Merridie,Chessell,mchesselldh@webmd.com,Female,413-792-2510,Madagascar,05-08-2014
1151,Conchita,Espinho,cespinhodi@phoca.cz,Female,248-789-9370,Indonesia,10-12-2013
1152,Cassaundra,Spier,cspierdj@ucsd.edu,Female,433-638-5909,China,06-05-2007
1153,Dareen,Winn,dwinndk@youtu.be,Female,521-845-9630,Malaysia,02-02-1993
1154,Chic,Echalie,cechaliedl@com.com,Male,464-418-8850,Luxembourg,29-05-2017
1155,Pamelina,Talks,ptalksdm@google.ca,Female,742-409-3799,Indonesia,09-02-2002
1156,Vladimir,Bremen,vbremendn@intel.com,Male,581-102-8326,Cyprus,17-06-2005
1157,Moore,Keemer,mkeemerdo@squidoo.com,Male,684-271-1436,Colombia,21-03-2019
1158,Daud,Ishak,dishak0@alexa.com,Male,970-613-2617,Ukraine,24-06-2012
1159,O'Gormally,rogormallydd@google.com.br,Female,550-761-3765,Brazil,19-05-2017,
1160,Wenonah,Pree,wpreede@economist.com,Female,450-532-9334,Portugal,25-05-2014
1161,Grange,Gate,ggatedf@vimeo.com,Male,787-403-6496,Russia,01-09-2016
1162,Pace,Ragot,pragotdg@unesco.org,Agender,737-461-2480,Canada,01-12-2017
1163,Merridie,Chessell,mchesselldh@webmd.com,Female,413-792-2510,Madagascar,05-08-2014
1164,Conchita,Espinho,cespinhodi@phoca.cz,Female,248-789-9370,Indonesia,10-12-2013
1165,Cassaundra,Spier,cspierdj@ucsd.edu,Female,433-638-5909,China,06-05-2007
1166,Dareen,Winn,dwinndk@youtu.be,Female,521-845-9630,Malaysia,02-02-1993
1167,Chic,Echalie,cechaliedl@com.com,Male,464-418-8850,Luxembourg,29-05-2017
1168,Pamelina,Talks,ptalksdm@google.ca,Female,742-409-3799,Indonesia,09-02-2002
1169,Vladimir,Bremen,vbremendn@intel.com,Male,581-102-8326,Cyprus,17-06-2005
1170,Moore,Keemer,mkeemerdo@squidoo.com,Male,684-271-1436,Colombia,21-03-2019
1171,Daud,Ishak,dishak0@alexa.com,Male,970-613-2617,Ukraine,24-06-2012
1172,O'Gormally,rogormallydd@google.com.br,Female,550-761-3765,Brazil,19-05-2017,
1173,Wenonah,Pree,wpreede@economist.com,Female,450-532-9334,Portugal,25-05-2014
1174,Grange,Gate,ggatedf@vimeo.com,Male,787-403-6496,Russia,01-09-2016
1175,Pace,Ragot,pragotdg@unesco.org,Agender,737-461-2480,Canada,01-12-2017
1176,Merridie,Chessell,mchesselldh@webmd.com,Female,413-792-2510,Madagascar,05-08-2014
1177,Conchita,Espinho,cespinhodi@phoca.cz,Female,248-789-9370,Indonesia,10-12-2013
1178,Cassaundra,Spier,cspierdj@ucsd.edu,Female,433-638-5909,China,06-05-2007
1179,Dareen,Winn,dwinndk@youtu.be,Female,521-845-9630,Malaysia,02-02-1993
1180,Chic,Echalie,cechaliedl@com.com,Male,464-418-8850,Luxembourg,29-05-2017
1181,Pamelina,Talks,ptalksdm@google.ca,Female,742-409-3799,Indonesia,09-02-2002
1182,Vladimir,Bremen,vbremendn@intel.com,Male,581-102-8326,Cyprus,17-06-2005
1183,Moore,Keemer,mkeemerdo@squidoo.com,Male,684-271-1436,Colombia,21-03-2019
1184,Daud,Ishak,dishak0@alexa.com,Male,970-613-2617,Ukraine,24-06-2012
1185,O'Gormally,rogormallydd@google.com.br,Female,550-761-3765,Brazil,19-05-2017,
1186,Wenonah,Pree,wpreede@economist.com,Female,450-532-9334,Portugal,25-05-2014
1187,Grange,Gate,ggatedf@vimeo.com,Male,787-403-6496,Russia,01-09-2016
1188,Pace,Ragot,pragotdg@unesco.org,Agender,737-461-2480,Canada,01-12-2017
1189,Merridie,Chessell,mchesselldh@webmd.com,Female,413-792-2510,Madagascar,05-08-2014
1190,Conchita,Espinho,cespinhodi@phoca.cz,Female,248-789-9370,Indonesia,10-12-2013
1191,Cassaundra,Spier,cspierdj@ucsd.edu,Female,433-638-5909,China,06-05-2007
1192,Dareen,Winn,dwinndk@youtu.be,Female,521-845-9630,Malaysia,02-02-1993
1193,Chic,Echalie,cechaliedl@com.com,Male,464-418-8850,Luxembourg,29-05-2017
1194,Pamelina,Talks,ptalksdm@google.ca,Female,742-409-3799,Indonesia,09-02-2002
1195,Vladimir,Bremen,vbremendn@intel.com,Male,581-102-8326,Cyprus,17-06-2005
1196,Moore,Keemer,mkeemerdo@squidoo.com,Male,684-271-1436,Colombia,21-03-2019
1197,Daud,Ishak,dishak0@alexa.com,Male,970-613-2617,Ukraine,24-06-2012
1198,O'Gormally,rogormallydd@google.com.br,Female,550-761-3765,Brazil,19-05-2017,
1199,Wenonah,Pree,wpreede@economist.com,Female,450-532-9334,Portugal,25-05-2014
1200,Grange,Gate,ggatedf@vimeo.com,Male,787-403-6496,Russia,01-09-2016
1201,Pace,Ragot,pragotdg@unesco.org,Agender,737-461-2480,Canada,01-12-2017
1202,Merridie,Chessell,mchesselldh@webmd.com,Female,413-792-2510,Madagascar,05-08-2014
1203,Conchita,Espinho,cespinhodi@phoca.cz,Female,248-789-9370,Indonesia,10-12-2013
1204,Cassaundra,Spier,cspierdj@ucsd.edu,Female,433-638-5909,China,06-05-2007
1205,Dareen,Winn,dwinndk@youtu.be,Female,521-845-9630,Malaysia,02-02-1993
1206,Chic,Echalie,cechaliedl@com.com,Male,464-418-8850,Luxembourg,29-05-2017
1207,Pamelina,Talks,ptalksdm@google.ca,Female,742-409-3799,Indonesia,09-02-2002
1208,Vladimir,Bremen,vbremendn@intel.com,Male,581-102-8326,Cyprus,17-06-2005
1209,Moore,Keemer,mkeemerdo@squidoo.com,Male,684-271-1436,Colombia,21-03-2019
1210,Daud,Ishak,dishak0@alexa.com,Male,970-613-2617,Ukraine,24-06-2012
1211,O'Gormally,rogormallydd@google.com.br,Female,550-761-3765,Brazil,19-05-2017,
1212,Wenonah,Pree,wpreede@economist.com,Female,450-532-9334,Portugal,25-05-2014
1213,Grange,Gate,ggatedf@vimeo.com,Male,787-403-6496,Russia,01-09-2016
1214,Pace,Ragot,pragotdg@unesco.org,Agender,737-461-2480,Canada,01-12-2017
1215,Merridie,Chessell,mchesselldh@webmd.com,Female,413-792-2510,Madagascar,05-08-2014
1216,Conchita,Espinho,cespinhodi@phoca.cz,Female,248-789-9370,Indonesia,10-12-2013
1217,Cassaundra,Spier,cspierdj@ucsd.edu,Female,433-638-5909,China,06-05-2007
1218,Dareen,Winn,dwinndk@youtu.be,Female,521-845-9630,Malaysia,02-02-1993
1219,Chic,Echalie,cechaliedl@com.com,Male,464-418-8850,Luxembourg,29-05-2017
1220,Pamelina,Talks,ptalksdm@google.ca,Female,742-409-3799,Indonesia,09-02-2002
1221,Vladimir,Bremen,vbremendn@intel.com,Male,581-102-8326,Cyprus,17-06-2005
1222,Moore,Keemer,mkeemerdo@squidoo.com,Male,684-271-1436,Colombia,21-03-2019
1223,Daud,Ishak,dishak0@alexa.com,Male,970-613-2617,Ukraine,24-06-2012
1224,O'Gormally,rogormallydd@google.com.br,Female,550-761-3765,Brazil,19-05-2017,
1225,Wenonah,Pree,wpreede@economist.com,Female,450-532-9334,Portugal,25-05-2014
1226,Grange,Gate,ggatedf@vimeo.com,Male,787-403-6496,Russia,01-09-2016
1227,Pace,Ragot,pragotdg@unesco.org,Agender,737-461-2480,Canada,01-12-2017
1228,Merridie,Chessell,mchesselldh@webmd.com,Female,413-792-2510,Madagascar,05-08-2014
1229,Conchita,Espinho,cespinhodi@phoca.cz,Female,248-789-9370,Indonesia,10-12-2013
1230,Cassaundra,Spier,cspierdj@ucsd.edu,Female,433-638-5909,China,06-05-2007
1231,Dareen,Winn,dwinndk@youtu.be,Female,521-845-9630,Malaysia,02-02-1993
1232,Chic,Echalie,cechaliedl@com.com,Male,464-418-8850,Luxembourg,29-05-2017
1233,Pamelina,Talks,ptalksdm@google.ca,Female,742-409-3799,Indonesia,09-02-2002
1234,Vladimir,Bremen,vbremendn@intel.com,Male,581-102-8326,Cyprus,17-06-2005
1235,Moore,Keemer,mkeemerdo@squidoo.com,Male,684-271-1436,Colombia,21-03-2019
1236,Daud,Ishak,dishak0@alexa.com,Male,970-613-2617,Ukraine,24-06-2012
1237,O'Gormally,rogormallydd@google.com.br,Female,550-761-3765,Brazil,19-05-2017,
1238,Wenonah,Pree,wpreede@economist.com,Female,450-532-9334,Portugal,25-05-2014
1239,Grange,Gate,ggatedf@vimeo.com,Male,787-403-6496,Russia,01-09-2016
1240,Pace,Ragot,pragotdg@unesco.org,Agender,737-461-2480,Canada,01-12-2017
1241,Merridie,Chessell,mchesselldh@webmd.com,Female,413-792-2510,Madagascar,05-08-2014
1242,Conchita,Espinho,cespinhodi@phoca.cz,Female,248-789-9370,Indonesia,10-12-2013
1243,Cassaundra,Spier,cspierdj@ucsd.edu,Female,433-638-5909,China,06-05-2007
1244,Dareen,Winn,dwinndk@youtu.be,Female,521-845-9630,Malaysia,02-02-1993
1245,Chic,Echalie,cechaliedl@com.com,Male,464-418-8850,Luxembourg,29-05-2017
1246,Pamelina,Talks,ptalksdm@google.ca,Female,742-409-3799,Indonesia,09-02-2002
1247,Vladimir,Bremen,vbremendn@intel.com,Male,581-102-8326,Cyprus,17-06-2005
1248,Moore,Keemer,mkeemerdo@squidoo.com,Male,684-271-1436,Colombia,21-03-2019